filename	inode	size_bytes	sha256	reference_sha256	reference_status	vermagic	srcversion	required_symbol_version_count
abc_hub.ko	11	33768	4602a8b53e6b3dc81302cf678235cc55523400ed371935a27beb20466876f650	4602a8b53e6b3dc81302cf678235cc55523400ed371935a27beb20466876f650	byte-identical	5.10.226-android12-9-gki-30958166-abS906NKSS7FYG8 SMP preempt mod_unload modversions aarch64		35
adsp_factory_module.ko	12	220872	5e09af2b43e5425ad663921ae8df945da0a7f8e6c3d384deb254ee7f2595c8cf	5e09af2b43e5425ad663921ae8df945da0a7f8e6c3d384deb254ee7f2595c8cf	byte-identical	5.10.226-android12-9-gki-30958166-abS906NKSS7FYG8 SMP preempt mod_unload modversions aarch64		60
adsp_loader_dlkm.ko	13	24736	df795550162caacbdc3a0c5f667798e36385be8fa7c290bec95d90e4252db154		vendor-dlkm-only	5.10.226-android12-9-gki-30958166-abS906NKSS7FYG8 SMP preempt mod_unload modversions aarch64		37
adsp_sleepmon.ko	14	52120	6cfcdb0ede52fe8c5c52c4539747958647a9b3830bf93d46b72a1f509e9c63fe	6cfcdb0ede52fe8c5c52c4539747958647a9b3830bf93d46b72a1f509e9c63fe	byte-identical	5.10.226-android12-9-gki-30958166-abS906NKSS7FYG8 SMP preempt mod_unload modversions aarch64		68
akm.ko	15	59744	4ae28461d4b248745a82bf1951b2dc8acfded58e555f69e14860f0387c2fdca8	4ae28461d4b248745a82bf1951b2dc8acfded58e555f69e14860f0387c2fdca8	byte-identical	5.10.226-android12-9-gki-30958166-abS906NKSS7FYG8 SMP preempt mod_unload modversions aarch64		53
altmode-glink.ko	16	33984	58b12d743e8df8c1d488c03d65c31945647d54f00db9d6041f4afc88900e99d0	58b12d743e8df8c1d488c03d65c31945647d54f00db9d6041f4afc88900e99d0	byte-identical	5.10.226-android12-9-gki-30958166-abS906NKSS7FYG8 SMP preempt mod_unload modversions aarch64		43
audio_pkt_dlkm.ko	17	42752	7af1406ca2133e4cbc92a610bc684dae78f59617294edd526a39f346b9d18c38		vendor-dlkm-only	5.10.226-android12-9-gki-30958166-abS906NKSS7FYG8 SMP preempt mod_unload modversions aarch64		55
audio_prm_dlkm.ko	18	25280	98cc731514132a3d6d1c1de8b4636f1bd02eef60fc05315e20e003c9d4ebdc04		vendor-dlkm-only	5.10.226-android12-9-gki-30958166-abS906NKSS7FYG8 SMP preempt mod_unload modversions aarch64		24
audpkt_ion_dlkm.ko	19	36152	55edfe18564b2add2ae2a06b6de4c44b7fc130268837daa71bc86e141d65d592		vendor-dlkm-only	5.10.226-android12-9-gki-30958166-abS906NKSS7FYG8 SMP preempt mod_unload modversions aarch64		42
bam_dma.ko	20	57800	58eca046369ec9d2c730864a91ab2207d406bcf28daff62f73b3d46c8015a37b	58eca046369ec9d2c730864a91ab2207d406bcf28daff62f73b3d46c8015a37b	byte-identical	5.10.226-android12-9-gki-30958166-abS906NKSS7FYG8 SMP preempt mod_unload modversions aarch64		71
bcl_soc.ko	21	19096	24db71ea203e0bd7ddd01164729ff503fd6e8ca0e62f045ad4b3207a6c853c45	24db71ea203e0bd7ddd01164729ff503fd6e8ca0e62f045ad4b3207a6c853c45	byte-identical	5.10.226-android12-9-gki-30958166-abS906NKSS7FYG8 SMP preempt mod_unload modversions aarch64		21
bcm4389.ko	22	17392	c68ab6ca4fea1901d2db897546973f67df4927ca03ba2d4f842742a218f2a7c5	c68ab6ca4fea1901d2db897546973f67df4927ca03ba2d4f842742a218f2a7c5	byte-identical	5.10.226-android12-9-gki-30958166-abS906NKSS7FYG8 SMP preempt mod_unload modversions aarch64		17
blk-sec-stats.ko	23	32072	852814f55230f5d9cb178026006ec3daead3fe1e4b2b57253b0b4c25c725975c	852814f55230f5d9cb178026006ec3daead3fe1e4b2b57253b0b4c25c725975c	byte-identical	5.10.226-android12-9-gki-30958166-abS906NKSS7FYG8 SMP preempt mod_unload modversions aarch64	DDC0507EAA257F438C5EE5D	31
bluesleep.ko	24	69080	faa61e5c1bf9bad6ccc187dae4958327c3aaff894036952251fb0d220f19407c	faa61e5c1bf9bad6ccc187dae4958327c3aaff894036952251fb0d220f19407c	byte-identical	5.10.226-android12-9-gki-30958166-abS906NKSS7FYG8 SMP preempt mod_unload modversions aarch64		56
boot_stats.ko	25	16400	25882cfdca9166527aa8d275703d29daeef50072de1f1037291f2d1b43c81d4c	25882cfdca9166527aa8d275703d29daeef50072de1f1037291f2d1b43c81d4c	byte-identical	5.10.226-android12-9-gki-30958166-abS906NKSS7FYG8 SMP preempt mod_unload modversions aarch64		11
bt_fm_slim.ko	26	49728	4a97fc911f22fdb16069c1677bd130634a81cb099096322d93da6482161c2477	4a97fc911f22fdb16069c1677bd130634a81cb099096322d93da6482161c2477	byte-identical	5.10.226-android12-9-gki-30958166-abS906NKSS7FYG8 SMP preempt mod_unload modversions aarch64		37
btpower.ko	27	60344	2759451ef7782bec1ba0e61367eea1c5ffee504c6fd42bb11173fc2b4f68aa30	2759451ef7782bec1ba0e61367eea1c5ffee504c6fd42bb11173fc2b4f68aa30	byte-identical	5.10.226-android12-9-gki-30958166-abS906NKSS7FYG8 SMP preempt mod_unload modversions aarch64		64
camcc-diwali.ko	28	144248	61d5c6f63b28ff26c6d57cdb7149c26c8c5ce8aee66f892d3d650cc27837a5f2	61d5c6f63b28ff26c6d57cdb7149c26c8c5ce8aee66f892d3d650cc27837a5f2	byte-identical	5.10.226-android12-9-gki-30958166-abS906NKSS7FYG8 SMP preempt mod_unload modversions aarch64		25
camcc-waipio.ko	29	184264	d4095a0cbfb4041d044ea034a53eca66c7f281c7590f2f696026444209770375	d4095a0cbfb4041d044ea034a53eca66c7f281c7590f2f696026444209770375	byte-identical	5.10.226-android12-9-gki-30958166-abS906NKSS7FYG8 SMP preempt mod_unload modversions aarch64		29
camera.ko	30	6882456	708ac3586475e0a94750c71e482356736129afd9e5ecafaaec32dd0738bf5b4d		vendor-dlkm-only	5.10.226-android12-9-gki-30958166-abS906NKSS7FYG8 SMP preempt mod_unload modversions aarch64		366
cdsp-loader.ko	31	21016	39dda1eb5e57695baa2d035613701e5a4e623c7243a48fe207f1663f757f4e02	39dda1eb5e57695baa2d035613701e5a4e623c7243a48fe207f1663f757f4e02	byte-identical	5.10.226-android12-9-gki-30958166-abS906NKSS7FYG8 SMP preempt mod_unload modversions aarch64		24
cdsprm.ko	32	61824	a4751548ff903b787148720ad727eb26f54a97246b504fe833040b2359ab18fb	a4751548ff903b787148720ad727eb26f54a97246b504fe833040b2359ab18fb	byte-identical	5.10.226-android12-9-gki-30958166-abS906NKSS7FYG8 SMP preempt mod_unload modversions aarch64		59
charger-ulog-glink.ko	33	30640	e66fb5a975077f64893ad9b2e745261cc1bfd5f076e6defc353da934906af9be	e66fb5a975077f64893ad9b2e745261cc1bfd5f076e6defc353da934906af9be	byte-identical	5.10.226-android12-9-gki-30958166-abS906NKSS7FYG8 SMP preempt mod_unload modversions aarch64		36
cl_dsp.ko	34	32144	a6f3dd1f8086c9072fc513ad9353d6b280253e48f7923d26e4b2aedb0552f23b	a6f3dd1f8086c9072fc513ad9353d6b280253e48f7923d26e4b2aedb0552f23b	byte-identical	5.10.226-android12-9-gki-30958166-abS906NKSS7FYG8 SMP preempt mod_unload modversions aarch64		17
cnss2.ko	35	1035960	ecb23fca70c780cb821b02e55b064490d534102588b20db0121d4eba321b214d	ecb23fca70c780cb821b02e55b064490d534102588b20db0121d4eba321b214d	byte-identical	5.10.226-android12-9-gki-30958166-abS906NKSS7FYG8 SMP preempt mod_unload modversions aarch64		331
cnss_nl.ko	36	16552	79d458d1c82c6250c50d77a782c1e11f7be182067ea518fb693a5724548793c7	79d458d1c82c6250c50d77a782c1e11f7be182067ea518fb693a5724548793c7	byte-identical	5.10.226-android12-9-gki-30958166-abS906NKSS7FYG8 SMP preempt mod_unload modversions aarch64		8
cnss_plat_ipc_qmi_svc.ko	37	61680	a6baa641eef2fe27a4a1ca19c95a4382160b387d9a118729d08d5823124c748f	a6baa641eef2fe27a4a1ca19c95a4382160b387d9a118729d08d5823124c748f	byte-identical	5.10.226-android12-9-gki-30958166-abS906NKSS7FYG8 SMP preempt mod_unload modversions aarch64		37
cnss_prealloc.ko	38	19232	d40ed0368c9154abe93fc501f0f7cbe906c52807a62b0644609e9058b5e00cf3	d40ed0368c9154abe93fc501f0f7cbe906c52807a62b0644609e9058b5e00cf3	byte-identical	5.10.226-android12-9-gki-30958166-abS906NKSS7FYG8 SMP preempt mod_unload modversions aarch64		15
cnss_utils.ko	39	34512	5b42bca82f3cd7d29a07140987d57d3f07bf732019e23dab8f3182c47e88ce26	5b42bca82f3cd7d29a07140987d57d3f07bf732019e23dab8f3182c47e88ce26	byte-identical	5.10.226-android12-9-gki-30958166-abS906NKSS7FYG8 SMP preempt mod_unload modversions aarch64		35
common_muic.ko	40	62344	f373e8ddbba77d4b80027ed9485bc0b38b5f9961227d32f5baa0cfbdaa2f2c16	f373e8ddbba77d4b80027ed9485bc0b38b5f9961227d32f5baa0cfbdaa2f2c16	byte-identical	5.10.226-android12-9-gki-30958166-abS906NKSS7FYG8 SMP preempt mod_unload modversions aarch64		20
core_hang_detect.ko	41	24968	482fc484a30d4138fb4a72b3aeb5cdc182c1a68e23bc24fb3be152e8c3682eb3	482fc484a30d4138fb4a72b3aeb5cdc182c1a68e23bc24fb3be152e8c3682eb3	byte-identical	5.10.226-android12-9-gki-30958166-abS906NKSS7FYG8 SMP preempt mod_unload modversions aarch64		27
coresight-csr.ko	42	48792	283373a6f485bf1ea2be18942830821b65284b8dfc5506d88540eaad4a03937f	283373a6f485bf1ea2be18942830821b65284b8dfc5506d88540eaad4a03937f	byte-identical	5.10.226-android12-9-gki-30958166-abS906NKSS7FYG8 SMP preempt mod_unload modversions aarch64		41
coresight-cti.ko	43	131344	d7498a36d9ebc572b509f2e87b0d7a41b4921c395093004b2ebd350b25ae0802	d7498a36d9ebc572b509f2e87b0d7a41b4921c395093004b2ebd350b25ae0802	byte-identical	5.10.226-android12-9-gki-30958166-abS906NKSS7FYG8 SMP preempt mod_unload modversions aarch64		83
coresight-dummy.ko	44	16776	3653e1fdeb8681423ca88ea8e1dc0459abb066e17533c6930c70ebf5a685da56	3653e1fdeb8681423ca88ea8e1dc0459abb066e17533c6930c70ebf5a685da56	byte-identical	5.10.226-android12-9-gki-30958166-abS906NKSS7FYG8 SMP preempt mod_unload modversions aarch64		14
coresight-funnel.ko	45	33112	d1ac7c39fefe828df9a22661d62a4086e415c4f5df0c016f2a838a20b583b5d0	d1ac7c39fefe828df9a22661d62a4086e415c4f5df0c016f2a838a20b583b5d0	byte-identical	5.10.226-android12-9-gki-30958166-abS906NKSS7FYG8 SMP preempt mod_unload modversions aarch64		47
coresight-hwevent.ko	46	20496	d37a579bf2ad94a99e92493b1f8fe5608efd8abea144f8c607fae69587e3cd67	d37a579bf2ad94a99e92493b1f8fe5608efd8abea144f8c607fae69587e3cd67	byte-identical	5.10.226-android12-9-gki-30958166-abS906NKSS7FYG8 SMP preempt mod_unload modversions aarch64		33
coresight-remote-etm.ko	47	21616	fa0232049e192ceb748c5e14eb6c39b3c0c5873078db1ed2fbdd40cb9a62fcda	fa0232049e192ceb748c5e14eb6c39b3c0c5873078db1ed2fbdd40cb9a62fcda	byte-identical	5.10.226-android12-9-gki-30958166-abS906NKSS7FYG8 SMP preempt mod_unload modversions aarch64		26
coresight-replicator.ko	48	35568	f49a6735ab71025747d108bc42ed152a7626510df9dd46394a7b96e259966f9d	f49a6735ab71025747d108bc42ed152a7626510df9dd46394a7b96e259966f9d	byte-identical	5.10.226-android12-9-gki-30958166-abS906NKSS7FYG8 SMP preempt mod_unload modversions aarch64		42
coresight-stm.ko	49	50168	7f2dbde56231ae4e17201669c67e0dce3df57bd202c46aca2fe9976886bc0560	7f2dbde56231ae4e17201669c67e0dce3df57bd202c46aca2fe9976886bc0560	byte-identical	5.10.226-android12-9-gki-30958166-abS906NKSS7FYG8 SMP preempt mod_unload modversions aarch64		39
coresight-tgu.ko	50	24768	aa8136355b818411ee806ef6f3cfdf6cdc774284dd5f2324f666ecf52637c909	aa8136355b818411ee806ef6f3cfdf6cdc774284dd5f2324f666ecf52637c909	byte-identical	5.10.226-android12-9-gki-30958166-abS906NKSS7FYG8 SMP preempt mod_unload modversions aarch64		19
coresight-tmc.ko	51	178288	f3ecca84938201c59a1fdb76e2edbac5e2495fcd15a21defaf06e319b4a5989c	f3ecca84938201c59a1fdb76e2edbac5e2495fcd15a21defaf06e319b4a5989c	byte-identical	5.10.226-android12-9-gki-30958166-abS906NKSS7FYG8 SMP preempt mod_unload modversions aarch64		135
coresight-tpda.ko	52	41696	a9910a0e1ddd683abf8cbc87250045418dd9e5013c239f16fd5d73ae13abdf67	a9910a0e1ddd683abf8cbc87250045418dd9e5013c239f16fd5d73ae13abdf67	byte-identical	5.10.226-android12-9-gki-30958166-abS906NKSS7FYG8 SMP preempt mod_unload modversions aarch64		28
coresight-tpdm.ko	53	181512	d720eb7a2bcf807d8b8f72f718d3518a2970fd12dccd48049f481bd580bb6b06	d720eb7a2bcf807d8b8f72f718d3518a2970fd12dccd48049f481bd580bb6b06	byte-identical	5.10.226-android12-9-gki-30958166-abS906NKSS7FYG8 SMP preempt mod_unload modversions aarch64		33
coresight.ko	54	108624	e57e847fb7eaa23173849ea2e23833f2170660604f5af5d33a08b9f7de637e74	e57e847fb7eaa23173849ea2e23833f2170660604f5af5d33a08b9f7de637e74	byte-identical	5.10.226-android12-9-gki-30958166-abS906NKSS7FYG8 SMP preempt mod_unload modversions aarch64		96
cpufreq_limit.ko	55	52512	f3cdd603f9edb1e7546e517f91ee27f5e469da4de5188b94e115dfd2c2777ffd	f3cdd603f9edb1e7546e517f91ee27f5e469da4de5188b94e115dfd2c2777ffd	byte-identical	5.10.226-android12-9-gki-30958166-abS906NKSS7FYG8 SMP preempt mod_unload modversions aarch64		33
dcc_v2.ko	56	79160	ec4fefa73ba9b96c6d7577c6fe85ab8b599a7430a997cfc2060d53d2a6b4c445	ec4fefa73ba9b96c6d7577c6fe85ab8b599a7430a997cfc2060d53d2a6b4c445	byte-identical	5.10.226-android12-9-gki-30958166-abS906NKSS7FYG8 SMP preempt mod_unload modversions aarch64		59
debugcc-diwali.ko	57	99592	971a66f742572855269d6506d1d2f612fba3541ff061cd624073679e59edee27	971a66f742572855269d6506d1d2f612fba3541ff061cd624073679e59edee27	byte-identical	5.10.226-android12-9-gki-30958166-abS906NKSS7FYG8 SMP preempt mod_unload modversions aarch64		12
debugcc-waipio.ko	58	45968	92034557fb9f6b9a7d3bbf92e68b66d801bb4ffc66a5e981e57c4a42efb3cded	92034557fb9f6b9a7d3bbf92e68b66d801bb4ffc66a5e981e57c4a42efb3cded	byte-identical	5.10.226-android12-9-gki-30958166-abS906NKSS7FYG8 SMP preempt mod_unload modversions aarch64		12
dev_ril_bridge.ko	59	32688	b930f1babaaad035e18c1784b0b674f856b5deb5a5ab01c0aca3a8a093e17e79	b930f1babaaad035e18c1784b0b674f856b5deb5a5ab01c0aca3a8a093e17e79	byte-identical	5.10.226-android12-9-gki-30958166-abS906NKSS7FYG8 SMP preempt mod_unload modversions aarch64		37
dhd.ko	60	10031024	9e45a9c35ef8f3d61fb71f01213419261b9bd944d3356abd42eec5488322599f	9e45a9c35ef8f3d61fb71f01213419261b9bd944d3356abd42eec5488322599f	byte-identical	5.10.226-android12-9-gki-30958166-abS906NKSS7FYG8 SMP preempt mod_unload modversions aarch64		344
dmesg_dumper.ko	61	19752	bd5dd4985398076beb048daddc525fef09b2f56bdf17fe1ae91a53647bcff57f	bd5dd4985398076beb048daddc525fef09b2f56bdf17fe1ae91a53647bcff57f	byte-identical	5.10.226-android12-9-gki-30958166-abS906NKSS7FYG8 SMP preempt mod_unload modversions aarch64		28
dropdump.ko	62	40728	c3d24c4b3edca9ed807ea53a69e30fa53ba3cc7195978dae684fb80f22d7a76a	c3d24c4b3edca9ed807ea53a69e30fa53ba3cc7195978dae684fb80f22d7a76a	byte-identical	5.10.226-android12-9-gki-30958166-abS906NKSS7FYG8 SMP preempt mod_unload modversions aarch64		37
dwc3-msm.ko	63	308624	8913b050419e88699033e957d927beef86742ed035f531dc5c4729f50cea60f1	8913b050419e88699033e957d927beef86742ed035f531dc5c4729f50cea60f1	byte-identical	5.10.226-android12-9-gki-30958166-abS906NKSS7FYG8 SMP preempt mod_unload modversions aarch64		190
ehset.ko	64	14176	a4eba73c7c202b2222a2e157221cda9022e41363508f3beaa2915144f02851f4	a4eba73c7c202b2222a2e157221cda9022e41363508f3beaa2915144f02851f4	byte-identical	5.10.226-android12-9-gki-30958166-abS906NKSS7FYG8 SMP preempt mod_unload modversions aarch64		9
ep_pcie_drv.ko	65	392840	bb89f4f01f9340df2919e35a39150403e58a9d0e21bb8824189cc91ae83dc4e5	bb89f4f01f9340df2919e35a39150403e58a9d0e21bb8824189cc91ae83dc4e5	byte-identical	5.10.226-android12-9-gki-30958166-abS906NKSS7FYG8 SMP preempt mod_unload modversions aarch64		102
eud.ko	66	45936	4aac635ce344337a80711d63b0dfe98f80b01fe974c59497f6bd77287970c2d4	4aac635ce344337a80711d63b0dfe98f80b01fe974c59497f6bd77287970c2d4	byte-identical	5.10.226-android12-9-gki-30958166-abS906NKSS7FYG8 SMP preempt mod_unload modversions aarch64		54
f_fs_ipc_log.ko	67	63504	240b9748c322ebb02e029cc417981ec1c2bed4c13db4ff51e258efd4f522c3d8	240b9748c322ebb02e029cc417981ec1c2bed4c13db4ff51e258efd4f522c3d8	byte-identical	5.10.226-android12-9-gki-30958166-abS906NKSS7FYG8 SMP preempt mod_unload modversions aarch64		17
fingerprint.ko	68	71216	bc18b94ad5a92c60b9a556930ec8375664760c9768db1eb62a1fc581f0d6582d	bc18b94ad5a92c60b9a556930ec8375664760c9768db1eb62a1fc581f0d6582d	byte-identical	5.10.226-android12-9-gki-30958166-abS906NKSS7FYG8 SMP preempt mod_unload modversions aarch64		82
fingerprint_sysfs.ko	69	15960	a9f5af7baea45aca5d0faa4e3af9a861bc4be89ea8f6f6d63a64ed60280686a0	a9f5af7baea45aca5d0faa4e3af9a861bc4be89ea8f6f6d63a64ed60280686a0	byte-identical	5.10.226-android12-9-gki-30958166-abS906NKSS7FYG8 SMP preempt mod_unload modversions aarch64		7
flicker_test.ko	70	22888	1bf63844e2696ab469e982e28dcdcfd6f8598c16ec08766c5e84dcfa6d7f9fec	1bf63844e2696ab469e982e28dcdcfd6f8598c16ec08766c5e84dcfa6d7f9fec	byte-identical	5.10.226-android12-9-gki-30958166-abS906NKSS7FYG8 SMP preempt mod_unload modversions aarch64		16
frpc-adsprpc.ko	71	1000648	a229dd17d5cfbb6d06ff7dc1729976fac77289ce6bd6f9625cd5923fe02b17c7	a229dd17d5cfbb6d06ff7dc1729976fac77289ce6bd6f9625cd5923fe02b17c7	byte-identical	5.10.226-android12-9-gki-30958166-abS906NKSS7FYG8 SMP preempt mod_unload modversions aarch64		163
fsa4480-i2c.ko	72	23488	0be1f8554ea07039bf105a783676d44cc8a1f2c581492bad39c078c0ba291c3f	0be1f8554ea07039bf105a783676d44cc8a1f2c581492bad39c078c0ba291c3f	byte-identical	5.10.226-android12-9-gki-30958166-abS906NKSS7FYG8 SMP preempt mod_unload modversions aarch64		29
gh_irq_lend.ko	73	26528	d978a4c33469bd00e3fab62ef6842548f66126ada1e74fc46628f50328f03982	d978a4c33469bd00e3fab62ef6842548f66126ada1e74fc46628f50328f03982	byte-identical	5.10.226-android12-9-gki-30958166-abS906NKSS7FYG8 SMP preempt mod_unload modversions aarch64		21
gh_mem_notifier.ko	74	14592	1b2786bb1b19e56374603a71f170eed7280d204a1d0639f26bbaf1ae4d05f336	1b2786bb1b19e56374603a71f170eed7280d204a1d0639f26bbaf1ae4d05f336	byte-identical	5.10.226-android12-9-gki-30958166-abS906NKSS7FYG8 SMP preempt mod_unload modversions aarch64		7
gh_virtio_backend.ko	75	98488	5cdd4a138ebec4fb781719b37924f7273bef24964283d830cd70c9dfdbcdd78a	5cdd4a138ebec4fb781719b37924f7273bef24964283d830cd70c9dfdbcdd78a	byte-identical	5.10.226-android12-9-gki-30958166-abS906NKSS7FYG8 SMP preempt mod_unload modversions aarch64		104
glink_pkt.ko	76	64936	dcc0b4810bbefa31c8f98937688f1acf1fea5576901574c3b1e3b6ab500e4fe2	dcc0b4810bbefa31c8f98937688f1acf1fea5576901574c3b1e3b6ab500e4fe2	byte-identical	5.10.226-android12-9-gki-30958166-abS906NKSS7FYG8 SMP preempt mod_unload modversions aarch64		76
glink_probe.ko	77	24304	34213d846d74a95214ebee4c09394d3d920480a99c0dd3e60ce968c3914004ea	34213d846d74a95214ebee4c09394d3d920480a99c0dd3e60ce968c3914004ea	byte-identical	5.10.226-android12-9-gki-30958166-abS906NKSS7FYG8 SMP preempt mod_unload modversions aarch64		27
gpi.ko	78	121368	97276e3257755b3031aac27021199b38ed273f3be4b4f004bbd865a8931cdb5f	97276e3257755b3031aac27021199b38ed273f3be4b4f004bbd865a8931cdb5f	byte-identical	5.10.226-android12-9-gki-30958166-abS906NKSS7FYG8 SMP preempt mod_unload modversions aarch64		78
gplaf_scmi.ko	79	11480	1277702ffd0ad8553620c11ad429a5bbc1d47bc97ca4e3a96c0fe09ca4658746	1277702ffd0ad8553620c11ad429a5bbc1d47bc97ca4e3a96c0fe09ca4658746	byte-identical	5.10.226-android12-9-gki-30958166-abS906NKSS7FYG8 SMP preempt mod_unload modversions aarch64		4
gplaf_vendor.ko	80	14304	77708784e9da861b260c94056bfa40a03a2a5723b814a9043018610ba88c3298	77708784e9da861b260c94056bfa40a03a2a5723b814a9043018610ba88c3298	byte-identical	5.10.226-android12-9-gki-30958166-abS906NKSS7FYG8 SMP preempt mod_unload modversions aarch64		7
gpr_dlkm.ko	81	37376	b7c68d2bdef1a0e9f2f153bb329428d01c162c0dfe6131ace48866fe02895dd6		vendor-dlkm-only	5.10.226-android12-9-gki-30958166-abS906NKSS7FYG8 SMP preempt mod_unload modversions aarch64		44
gpucc-diwali.ko	82	44776	965b2e8cd10c88f31cd803ba6ac2cd9eb45c55aa4a9f6e6fd5c5d7ec627fd797	965b2e8cd10c88f31cd803ba6ac2cd9eb45c55aa4a9f6e6fd5c5d7ec627fd797	byte-identical	5.10.226-android12-9-gki-30958166-abS906NKSS7FYG8 SMP preempt mod_unload modversions aarch64		17
gpucc-waipio.ko	83	55576	5776ece708767e57dff3a3e6b3c09857c4893d9491da1a27ff199bc2a6f403f2	5776ece708767e57dff3a3e6b3c09857c4893d9491da1a27ff199bc2a6f403f2	byte-identical	5.10.226-android12-9-gki-30958166-abS906NKSS7FYG8 SMP preempt mod_unload modversions aarch64		20
gsim.ko	84	524296	d1b673c1135a6bbec8bd12d323784aa612b466e9d6583515a49a02c11d8bc85f		vendor-dlkm-only	5.10.226-android12-9-gki-30958166-abS906NKSS7FYG8 SMP preempt mod_unload modversions aarch64		69
guestvm_loader.ko	85	34320	94fe7dfa9ff88b38c044c17aedd898223bae8963cf57884bc68eab081217d5c6	94fe7dfa9ff88b38c044c17aedd898223bae8963cf57884bc68eab081217d5c6	byte-identical	5.10.226-android12-9-gki-30958166-abS906NKSS7FYG8 SMP preempt mod_unload modversions aarch64		66
hall_ic.ko	86	35312	b4a0f521f567ec069786689d7c37528a3bcf455c746eb980c67cb4faa7a1bfe3	b4a0f521f567ec069786689d7c37528a3bcf455c746eb980c67cb4faa7a1bfe3	byte-identical	5.10.226-android12-9-gki-30958166-abS906NKSS7FYG8 SMP preempt mod_unload modversions aarch64		45
hall_ic_notifier.ko	87	13376	ab533b025060b3e662a95f18903397ca8b88adffd188eda7f45ce91752a46286	ab533b025060b3e662a95f18903397ca8b88adffd188eda7f45ce91752a46286	byte-identical	5.10.226-android12-9-gki-30958166-abS906NKSS7FYG8 SMP preempt mod_unload modversions aarch64		5
hdcp.ko	88	88048	fbff8c682980fb466b956cec5a454e70d60917d877747cd205140b524b026b32	fbff8c682980fb466b956cec5a454e70d60917d877747cd205140b524b026b32	byte-identical	5.10.226-android12-9-gki-30958166-abS906NKSS7FYG8 SMP preempt mod_unload modversions aarch64		21
hdmi_dlkm.ko	89	38248	193d76f030160fc3ee8185723e79e411bd72f414d71ee4f873e2e9758ddcccb2		vendor-dlkm-only	5.10.226-android12-9-gki-30958166-abS906NKSS7FYG8 SMP preempt mod_unload modversions aarch64		24
heap_mem_ext_v01.ko	90	12792	7aac7d0466e5f2aa01c29b74290f00dd86d3690a9d951d302f942cbf489f22b7	7aac7d0466e5f2aa01c29b74290f00dd86d3690a9d951d302f942cbf489f22b7	byte-identical	5.10.226-android12-9-gki-30958166-abS906NKSS7FYG8 SMP preempt mod_unload modversions aarch64		2
hung_task_enh.ko	91	18632	3e176ca0510d4ec2b39537ca129d326b1c8389fd29157cd4b8a7050d4d399bce	3e176ca0510d4ec2b39537ca129d326b1c8389fd29157cd4b8a7050d4d399bce	byte-identical	5.10.226-android12-9-gki-30958166-abS906NKSS7FYG8 SMP preempt mod_unload modversions aarch64		22
hvc_gunyah.ko	92	21400	0abdbfc86200ffbb40c17619eb1d13f0b37721a2f9b41bdf81430fba97465f72	0abdbfc86200ffbb40c17619eb1d13f0b37721a2f9b41bdf81430fba97465f72	byte-identical	5.10.226-android12-9-gki-30958166-abS906NKSS7FYG8 SMP preempt mod_unload modversions aarch64		24
hwmon.ko	93	60928	f3974c4b0e11253131e8fa69338ae895358f4d7b72d2815d98737b729cc15cc8	f3974c4b0e11253131e8fa69338ae895358f4d7b72d2815d98737b729cc15cc8	byte-identical	5.10.226-android12-9-gki-30958166-abS906NKSS7FYG8 SMP preempt mod_unload modversions aarch64		56
hyp_core_ctl.ko	94	100256	57190965af893ef14d6d334ec804cf5b5c698388367aa7c7752902e47dae8442	57190965af893ef14d6d334ec804cf5b5c698388367aa7c7752902e47dae8442	byte-identical	5.10.226-android12-9-gki-30958166-abS906NKSS7FYG8 SMP preempt mod_unload modversions aarch64		97
i2c-msm-geni.ko	95	122248	c90278d222632b6e7f93f45aa40fae18668d9356c4bef374f2899b2263ead9be	c90278d222632b6e7f93f45aa40fae18668d9356c4bef374f2899b2263ead9be	byte-identical	5.10.226-android12-9-gki-30958166-abS906NKSS7FYG8 SMP preempt mod_unload modversions aarch64		109
i3c-master-msm-geni.ko	96	84176	04b4843ddb5925837bc9796b07dd0f12b10d41bc66d3ec6671ca2eccd40f1b40	04b4843ddb5925837bc9796b07dd0f12b10d41bc66d3ec6671ca2eccd40f1b40	byte-identical	5.10.226-android12-9-gki-30958166-abS906NKSS7FYG8 SMP preempt mod_unload modversions aarch64		101
icc-test.ko	97	16040	393320383107f9140df96325f745ef34b23cdd43d227495b6c9e52295b55c112	393320383107f9140df96325f745ef34b23cdd43d227495b6c9e52295b55c112	byte-identical	5.10.226-android12-9-gki-30958166-abS906NKSS7FYG8 SMP preempt mod_unload modversions aarch64		16
icnss2.ko	98	426352	7c902ce188e93e5113546145c815495a6aee378387e47434869ae1884846bc65	7c902ce188e93e5113546145c815495a6aee378387e47434869ae1884846bc65	byte-identical	5.10.226-android12-9-gki-30958166-abS906NKSS7FYG8 SMP preempt mod_unload modversions aarch64		255
if_cb_manager.ko	99	21672	f47edd1782a41fd1152509d448cb529b04ef0c68719e2c3a7aef4f924e293e98	f47edd1782a41fd1152509d448cb529b04ef0c68719e2c3a7aef4f924e293e98	byte-identical	5.10.226-android12-9-gki-30958166-abS906NKSS7FYG8 SMP preempt mod_unload modversions aarch64		6
input-cs40l26-i2c.ko	100	189744	5f51179a61fde1b53616e373724e7a22ab798723a4960b53b47b703f92c672ad	5f51179a61fde1b53616e373724e7a22ab798723a4960b53b47b703f92c672ad	byte-identical	5.10.226-android12-9-gki-30958166-abS906NKSS7FYG8 SMP preempt mod_unload modversions aarch64		99
input_booster_lkm.ko	101	86888	82ad1072d83e5cc589f2a1c73bc5d3954ccd383f8104489769e8a20eb30742ca	82ad1072d83e5cc589f2a1c73bc5d3954ccd383f8104489769e8a20eb30742ca	byte-identical	5.10.226-android12-9-gki-30958166-abS906NKSS7FYG8 SMP preempt mod_unload modversions aarch64		54
ipa_clientsm.ko	102	728992	4d984246989ffbfefdb56f71f400b07e7ba83362c1dbcbddeae4ffecedcb58cc		vendor-dlkm-only	5.10.226-android12-9-gki-30958166-abS906NKSS7FYG8 SMP preempt mod_unload modversions aarch64		201
ipa_fmwk.ko	103	224568	0a525e34832ac8de16ed098c2cc56743c005bfbfd332eabc39d0d49abe4be5f9	0a525e34832ac8de16ed098c2cc56743c005bfbfd332eabc39d0d49abe4be5f9	byte-identical	5.10.226-android12-9-gki-30958166-abS906NKSS7FYG8 SMP preempt mod_unload modversions aarch64		14
ipam.ko	104	5445336	3b3eb27d50797483905061a956457e27b214a1ee2e33cf7ff81956773fe0d9a6		vendor-dlkm-only	5.10.226-android12-9-gki-30958166-abS906NKSS7FYG8 SMP preempt mod_unload modversions aarch64		374
ipanetm.ko	105	11864	8b8de9e60a777caccfe417b5ba2a9f898828b96c0a47ed4d22f7a3e6f041828e		vendor-dlkm-only	5.10.226-android12-9-gki-30958166-abS906NKSS7FYG8 SMP preempt mod_unload modversions aarch64		6
isg6320.ko	106	76000	eafe9188f64f445bfb3ba004ccb9c82ffb6535bf459408a10786390f6fada91b	eafe9188f64f445bfb3ba004ccb9c82ffb6535bf459408a10786390f6fada91b	byte-identical	5.10.226-android12-9-gki-30958166-abS906NKSS7FYG8 SMP preempt mod_unload modversions aarch64		64
kperfmon.ko	107	38424	ac9b943e2c2649f3c62ebb3d09f4d743f35f5214a2090a4222bffec689de8fad	ac9b943e2c2649f3c62ebb3d09f4d743f35f5214a2090a4222bffec689de8fad	byte-identical	5.10.226-android12-9-gki-30958166-abS906NKSS7FYG8 SMP preempt mod_unload modversions aarch64		38
lcd.ko	108	22792	4e7bd2cfae87d4a6847d2db5441c816d19c5843ac0bc36636d05d55cff9467a3	4e7bd2cfae87d4a6847d2db5441c816d19c5843ac0bc36636d05d55cff9467a3	byte-identical	5.10.226-android12-9-gki-30958166-abS906NKSS7FYG8 SMP preempt mod_unload modversions aarch64		23
leds-aw36518.ko	109	44144	edd43ba9dc0c82d14c048457cdcdd246b6b06b718eb8d80426492614e0e76213	edd43ba9dc0c82d14c048457cdcdd246b6b06b718eb8d80426492614e0e76213	byte-identical	5.10.226-android12-9-gki-30958166-abS906NKSS7FYG8 SMP preempt mod_unload modversions aarch64		31
leds-qpnp-vibrator-ldo.ko	110	26312	91f5ba9fb6b78caf6eb448021d8da82b9248fd9f4bffeecc7a3c13f756eb0728	91f5ba9fb6b78caf6eb448021d8da82b9248fd9f4bffeecc7a3c13f756eb0728	byte-identical	5.10.226-android12-9-gki-30958166-abS906NKSS7FYG8 SMP preempt mod_unload modversions aarch64		30
leds-qti-flash.ko	111	54520	584cbcff4414be63e7a6e3509ca32fe8c054e96dab06e9408f49f343f349be91	584cbcff4414be63e7a6e3509ca32fe8c054e96dab06e9408f49f343f349be91	byte-identical	5.10.226-android12-9-gki-30958166-abS906NKSS7FYG8 SMP preempt mod_unload modversions aarch64		39
leds-qti-tri-led.ko	112	25392	9169c0074614b5c213acba33c0fedf17a6003327d4678e94c3cc879326154004	9169c0074614b5c213acba33c0fedf17a6003327d4678e94c3cc879326154004	byte-identical	5.10.226-android12-9-gki-30958166-abS906NKSS7FYG8 SMP preempt mod_unload modversions aarch64		30
leds-s2mpb02.ko	113	32040	ca99053be23b59c9d3d86de09be01557695322752376eafc6756adc6dcb694a5	ca99053be23b59c9d3d86de09be01557695322752376eafc6756adc6dcb694a5	byte-identical	5.10.226-android12-9-gki-30958166-abS906NKSS7FYG8 SMP preempt mod_unload modversions aarch64		32
llcc_perfmon.ko	114	62704	78fe9f3b27b262b9c8103286f7e064baadd8e10e14cae844be73c70c1294d5bb	78fe9f3b27b262b9c8103286f7e064baadd8e10e14cae844be73c70c1294d5bb	byte-identical	5.10.226-android12-9-gki-30958166-abS906NKSS7FYG8 SMP preempt mod_unload modversions aarch64		32
lpass_cdc_dlkm.ko	115	121832	e51653a84579f1c61ea7cdbadc781aacd43fc0c1e9c72413441147992574f975		vendor-dlkm-only	5.10.226-android12-9-gki-30958166-abS906NKSS7FYG8 SMP preempt mod_unload modversions aarch64		74
lpass_cdc_rx_macro_dlkm.ko	116	229688	b6cbbc09dfe5d27e7ced9d5c6545217b73df169ad87d4b2f5a87cb00f95c411a		vendor-dlkm-only	5.10.226-android12-9-gki-30958166-abS906NKSS7FYG8 SMP preempt mod_unload modversions aarch64		93
lpass_cdc_tx_macro_dlkm.ko	117	148344	b98700232380d8b42444aa364f03d35d1f54106e8d1b58bd27c98aadc5ba1cab		vendor-dlkm-only	5.10.226-android12-9-gki-30958166-abS906NKSS7FYG8 SMP preempt mod_unload modversions aarch64		75
lpass_cdc_va_macro_dlkm.ko	118	121624	b7f924a6a21f20ac30b6533cd6a0dcebeaef4708f3ad12bec53a37c794c72ec5		vendor-dlkm-only	5.10.226-android12-9-gki-30958166-abS906NKSS7FYG8 SMP preempt mod_unload modversions aarch64		101
lpass_cdc_wsa2_macro_dlkm.ko	119	139184	53ee68f5b45f36f017132f3e7124c5493db24a2852458e0bab4c3ee04f6209a3		vendor-dlkm-only	5.10.226-android12-9-gki-30958166-abS906NKSS7FYG8 SMP preempt mod_unload modversions aarch64		86
lpass_cdc_wsa_macro_dlkm.ko	120	138872	6b42f9a329c96660afb2df1b42ca293009c9270464fbdc17d5ba47e0e51b3548		vendor-dlkm-only	5.10.226-android12-9-gki-30958166-abS906NKSS7FYG8 SMP preempt mod_unload modversions aarch64		86
lt9611uxc.ko	121	83104	3c30c55e5bf0251c2a411f4a35f4a80ba69e74ec5074f6a3030f58e3a398c826	3c30c55e5bf0251c2a411f4a35f4a80ba69e74ec5074f6a3030f58e3a398c826	byte-identical	5.10.226-android12-9-gki-30958166-abS906NKSS7FYG8 SMP preempt mod_unload modversions aarch64		94
lvstest.ko	122	31984	4385a30084478852b5fa83eec4a3106934ecd566efb8f751335748abf97d7994	4385a30084478852b5fa83eec4a3106934ecd566efb8f751335748abf97d7994	byte-identical	5.10.226-android12-9-gki-30958166-abS906NKSS7FYG8 SMP preempt mod_unload modversions aarch64		30
lzo-rle.ko	123	16040	07f9d2914c400de922f2d76a46cbf962a1a0009d1fc656e79c3660f507810043	07f9d2914c400de922f2d76a46cbf962a1a0009d1fc656e79c3660f507810043	byte-identical	5.10.226-android12-9-gki-30958166-abS906NKSS7FYG8 SMP preempt mod_unload modversions aarch64		11
lzo.ko	124	15992	1acbdb2ad1910ec91b341a02351805c10c1335752d68d20b280a4f6f2dc9942c	1acbdb2ad1910ec91b341a02351805c10c1335752d68d20b280a4f6f2dc9942c	byte-identical	5.10.226-android12-9-gki-30958166-abS906NKSS7FYG8 SMP preempt mod_unload modversions aarch64		11
machine_dlkm.ko	125	160504	440f2fee104eb7c9c9d9ccbce74bdf341d4d685175b1cd6b86dc4a070f34a25c		vendor-dlkm-only	5.10.226-android12-9-gki-30958166-abS906NKSS7FYG8 SMP preempt mod_unload modversions aarch64		110
max77705-fuelgauge.ko	126	97792	2ec5497f6b8a00a097f5da3f054258fa13c0fc26629f29eedd6e08d93017ee34	2ec5497f6b8a00a097f5da3f054258fa13c0fc26629f29eedd6e08d93017ee34	byte-identical	5.10.226-android12-9-gki-30958166-abS906NKSS7FYG8 SMP preempt mod_unload modversions aarch64		61
max77705_charger.ko	127	113528	7531829f0a3adcab245feedbafbd9a88601b1d797f2337715a1b634bc9d6d588	7531829f0a3adcab245feedbafbd9a88601b1d797f2337715a1b634bc9d6d588	byte-identical	5.10.226-android12-9-gki-30958166-abS906NKSS7FYG8 SMP preempt mod_unload modversions aarch64		77
mbhc_dlkm.ko	128	92328	bbcf100df9d97e5de1dd1caf08c3a1efbe1653cfa5833421485756030ea669c2		vendor-dlkm-only	5.10.226-android12-9-gki-30958166-abS906NKSS7FYG8 SMP preempt mod_unload modversions aarch64		44
mdt_loader.ko	129	20272	ccff051f937f225a447ff91aa0fe4187087231f2f42ce880497903af3e5825dc	ccff051f937f225a447ff91aa0fe4187087231f2f42ce880497903af3e5825dc	byte-identical	5.10.226-android12-9-gki-30958166-abS906NKSS7FYG8 SMP preempt mod_unload modversions aarch64		22
memlat.ko	130	82608	759ac7a74a141272cba9c6f5ba2702a333041d8ba581be5f23626dd01115a9a3	759ac7a74a141272cba9c6f5ba2702a333041d8ba581be5f23626dd01115a9a3	byte-identical	5.10.226-android12-9-gki-30958166-abS906NKSS7FYG8 SMP preempt mod_unload modversions aarch64		66
mfd_max77705.ko	131	125840	26f238730604789293db237b2bcdc4d44c5f63c263e4298f6e8e28b85d0f6f94	26f238730604789293db237b2bcdc4d44c5f63c263e4298f6e8e28b85d0f6f94	byte-identical	5.10.226-android12-9-gki-30958166-abS906NKSS7FYG8 SMP preempt mod_unload modversions aarch64		73
mhi.ko	132	261880	d4f67c55789bea56525041744323edc32fea0aa8680d1bc3ba1d9dd95d251a20	d4f67c55789bea56525041744323edc32fea0aa8680d1bc3ba1d9dd95d251a20	byte-identical	5.10.226-android12-9-gki-30958166-abS906NKSS7FYG8 SMP preempt mod_unload modversions aarch64		110
mhi_cntrl_qcom.ko	133	81568	b5e729223235b8af64d32b413ae105c4a8efd699cb5e315f1b85af93c4b93e8c	b5e729223235b8af64d32b413ae105c4a8efd699cb5e315f1b85af93c4b93e8c	byte-identical	5.10.226-android12-9-gki-30958166-abS906NKSS7FYG8 SMP preempt mod_unload modversions aarch64		117
mhi_dev_drv.ko	134	573344	c34670c472eba78021eb0c931b1bc3c7fa0bb72e140ea395ae3fa2e873684cf8	c34670c472eba78021eb0c931b1bc3c7fa0bb72e140ea395ae3fa2e873684cf8	byte-identical	5.10.226-android12-9-gki-30958166-abS906NKSS7FYG8 SMP preempt mod_unload modversions aarch64		134
mhi_dev_dtr.ko	135	23432	8b86fc9042a4c149efe858bd970ee36d6ee356d3b6407e75e129acce5c4394e1	8b86fc9042a4c149efe858bd970ee36d6ee356d3b6407e75e129acce5c4394e1	byte-identical	5.10.226-android12-9-gki-30958166-abS906NKSS7FYG8 SMP preempt mod_unload modversions aarch64		23
mhi_dev_net.ko	136	42296	468058257b988dc8df6bd278b05bfc525a3ca4853e7e1ec849ff7375baea1303	468058257b988dc8df6bd278b05bfc525a3ca4853e7e1ec849ff7375baea1303	byte-identical	5.10.226-android12-9-gki-30958166-abS906NKSS7FYG8 SMP preempt mod_unload modversions aarch64		39
mhi_dev_netdev.ko	137	57720	223422c2ef7f27435f1ec834232d20f93deccbdc693213cc52758881a3c55a57	223422c2ef7f27435f1ec834232d20f93deccbdc693213cc52758881a3c55a57	byte-identical	5.10.226-android12-9-gki-30958166-abS906NKSS7FYG8 SMP preempt mod_unload modversions aarch64		85
mhi_dev_uci.ko	138	49704	c367e99f6147f2ff6490cd66d3c6f7003fcd6eb14e780d7e4ce882bf5a60ac76	c367e99f6147f2ff6490cd66d3c6f7003fcd6eb14e780d7e4ce882bf5a60ac76	byte-identical	5.10.226-android12-9-gki-30958166-abS906NKSS7FYG8 SMP preempt mod_unload modversions aarch64		56
microdump_collector.ko	139	17168	0a0fcef232b84196958f95c158078c8c06c31bc16b74fe9a965a1b85fb03ef7d	0a0fcef232b84196958f95c158078c8c06c31bc16b74fe9a965a1b85fb03ef7d	byte-identical	5.10.226-android12-9-gki-30958166-abS906NKSS7FYG8 SMP preempt mod_unload modversions aarch64		14
mmrm_test_module.ko	140	88912	817687ca8f6997e233fa83bd6917282686446c5ac1d56b712d5e73a733335459		vendor-dlkm-only	5.10.226-android12-9-gki-30958166-abS906NKSS7FYG8 SMP preempt mod_unload modversions aarch64		27
modules.alias	141	30351	53b953b926897b6e958c43756e67b2d193dfa977aba43a016d3357740047b6ec		metadata			0
modules.blocklist	142	1371	92956f43faeb9302bc8ef2623ba3190246e6ef406333a33f1195a28d5ec38b76		metadata			0
modules.dep	143	53241	4687ecc3000fda31a8ba63a757e665c6e8d33a0a44d8e5da337d0c38d39d4bb5		metadata			0
modules.load	144	5843	8411620a0384d07fed491a2f8f7c146e354d022c8446940fc59f49cb2d98d360		metadata			0
modules.softdep	145	1188	c17a21a56099ec806ee334dd5c0cca7e225e90b3bd861c705dc448fc8ac518b9		metadata			0
msm-eva.ko	146	912368	c3dc35a77552e5e214a107197a3c08f335d819df8c010b8e47e012e66fcf192a		vendor-dlkm-only	5.10.226-android12-9-gki-30958166-abS906NKSS7FYG8 SMP preempt mod_unload modversions aarch64		226
msm-mmrm.ko	147	100192	efade2839796a0e5097afc2933c8bedf982dc382ca496387c8691e4ae41ec398	efade2839796a0e5097afc2933c8bedf982dc382ca496387c8691e4ae41ec398	byte-identical	5.10.226-android12-9-gki-30958166-abS906NKSS7FYG8 SMP preempt mod_unload modversions aarch64		41
msm_drm.ko	148	11733384	7b790074a73cd457d1f483c93e9abec040bca0b0cb07d9c71283b8d6bd396ec9	7b790074a73cd457d1f483c93e9abec040bca0b0cb07d9c71283b8d6bd396ec9	byte-identical	5.10.226-android12-9-gki-30958166-abS906NKSS7FYG8 SMP preempt mod_unload modversions aarch64		758
msm_ext_display.ko	149	27800	e5a9b342b388b064a5c86c385bdac0ae8ba69bab8a6ffebb134b13b0d1d330b3	e5a9b342b388b064a5c86c385bdac0ae8ba69bab8a6ffebb134b13b0d1d330b3	byte-identical	5.10.226-android12-9-gki-30958166-abS906NKSS7FYG8 SMP preempt mod_unload modversions aarch64		20
msm_kgsl.ko	150	3062000	8b8ef539e71c1bc95e3b38030dfb6e74eaadd32baab250c2549f7aa47e80c367	8b8ef539e71c1bc95e3b38030dfb6e74eaadd32baab250c2549f7aa47e80c367	byte-identical	5.10.226-android12-9-gki-30958166-abS906NKSS7FYG8 SMP preempt mod_unload modversions aarch64		488
msm_memshare.ko	151	35536	6b1804cda6ecb96c6e6137b08845b13060eaa7bdb299bb9502dae586da1bf4d2	6b1804cda6ecb96c6e6137b08845b13060eaa7bdb299bb9502dae586da1bf4d2	byte-identical	5.10.226-android12-9-gki-30958166-abS906NKSS7FYG8 SMP preempt mod_unload modversions aarch64		39
msm_performance.ko	152	84528	e8880761de402969562b7b54d12cbba80e5e6b08a6c213a0dbb7ab2dadbe9c2a	e8880761de402969562b7b54d12cbba80e5e6b08a6c213a0dbb7ab2dadbe9c2a	byte-identical	5.10.226-android12-9-gki-30958166-abS906NKSS7FYG8 SMP preempt mod_unload modversions aarch64		63
msm_sharedmem.ko	153	17408	ee3d12cbb35caf5084d1a07010d8c0ddbe265c23c238279d473353ed1bc278fa	ee3d12cbb35caf5084d1a07010d8c0ddbe265c23c238279d473353ed1bc278fa	byte-identical	5.10.226-android12-9-gki-30958166-abS906NKSS7FYG8 SMP preempt mod_unload modversions aarch64		15
msm_show_epoch.ko	154	10896	44d3871007f103310519e3a520690b5c1113fe280397bdb4b65795a6d8a2f8f9	44d3871007f103310519e3a520690b5c1113fe280397bdb4b65795a6d8a2f8f9	byte-identical	5.10.226-android12-9-gki-30958166-abS906NKSS7FYG8 SMP preempt mod_unload modversions aarch64		5
msm_show_resume_irq.ko	155	17576	6c8baa9008d746692d063a0c1ed64d84aeea44ccd12a15d032a06e018f01a86a	6c8baa9008d746692d063a0c1ed64d84aeea44ccd12a15d032a06e018f01a86a	byte-identical	5.10.226-android12-9-gki-30958166-abS906NKSS7FYG8 SMP preempt mod_unload modversions aarch64		21
msm_sysstats.ko	156	41616	63714d38a6aeb89c78ee6686289fa3f1a8d235a62e910840886c2ca2531bc7d7	63714d38a6aeb89c78ee6686289fa3f1a8d235a62e910840886c2ca2531bc7d7	byte-identical	5.10.226-android12-9-gki-30958166-abS906NKSS7FYG8 SMP preempt mod_unload modversions aarch64		52
msm_video.ko	157	1364160	7fdda4e079fabec6058521873b4a30c321e0cfff2b4a1d1b9f5a4c88cc74c5e3		vendor-dlkm-only	5.10.226-android12-9-gki-30958166-abS906NKSS7FYG8 SMP preempt mod_unload modversions aarch64		209
mstdrv.ko	158	42696	bf38317054327f6b02d006ad341ca11e6973b5dca142ac51b875ece322ea7048	bf38317054327f6b02d006ad341ca11e6973b5dca142ac51b875ece322ea7048	byte-identical	5.10.226-android12-9-gki-30958166-abS906NKSS7FYG8 SMP preempt mod_unload modversions aarch64	F013A9CCBF5B89471320A32	42
nb7vpq904m.ko	159	46248	4d1fb07afe6fc134e00cac9e91749198fbeabdf3c2aa0601365378fd21f4328a	4d1fb07afe6fc134e00cac9e91749198fbeabdf3c2aa0601365378fd21f4328a	byte-identical	5.10.226-android12-9-gki-30958166-abS906NKSS7FYG8 SMP preempt mod_unload modversions aarch64		53
nfc_sec.ko	160	206224	b538ae5298300b008e6137ef772949cde62a3582ebaec563f28ac8e92956b68f	b538ae5298300b008e6137ef772949cde62a3582ebaec563f28ac8e92956b68f	byte-identical	5.10.226-android12-9-gki-30958166-abS906NKSS7FYG8 SMP preempt mod_unload modversions aarch64		126
nvmem_qfprom.ko	161	29608	ca40f7c72d1ec4d8c1b358e797cfa52accbb25b12edba2d35e5ed03d456875eb	ca40f7c72d1ec4d8c1b358e797cfa52accbb25b12edba2d35e5ed03d456875eb	byte-identical	5.10.226-android12-9-gki-30958166-abS906NKSS7FYG8 SMP preempt mod_unload modversions aarch64		37
p9320_charger.ko	162	285320	87ae626979287072d8912a82d10d0113230bdf6e5951c1246e984863170df34a	87ae626979287072d8912a82d10d0113230bdf6e5951c1246e984863170df34a	byte-identical	5.10.226-android12-9-gki-30958166-abS906NKSS7FYG8 SMP preempt mod_unload modversions aarch64		79
panel_event_notifier.ko	163	14800	652da8d47207c4f8e81de698115c252c13bc7add0ba8dc3fe9cdf930e2322143	652da8d47207c4f8e81de698115c252c13bc7add0ba8dc3fe9cdf930e2322143	byte-identical	5.10.226-android12-9-gki-30958166-abS906NKSS7FYG8 SMP preempt mod_unload modversions aarch64		5
pca9468_charger.ko	164	154888	4a1f415bb1e6038eccba2390ab867daede8561055da1e96d2c41d3a4af8fda1e	4a1f415bb1e6038eccba2390ab867daede8561055da1e96d2c41d3a4af8fda1e	byte-identical	5.10.226-android12-9-gki-30958166-abS906NKSS7FYG8 SMP preempt mod_unload modversions aarch64	A8EB01FEC9B3131B25BBD41	70
pca9481_charger.ko	165	168064	3ee94f0dd959d47b58c8d908c26072ecc8139a944a7474df8f7fdfe29b02c41d	3ee94f0dd959d47b58c8d908c26072ecc8139a944a7474df8f7fdfe29b02c41d	byte-identical	5.10.226-android12-9-gki-30958166-abS906NKSS7FYG8 SMP preempt mod_unload modversions aarch64	56FE8468AD8F5367C5CA678	73
pci-edma.ko	166	54096	075bde61b0ad7959354ce7240cc38822f25517c92ae5e80a8a1fbabe2466b6ae	075bde61b0ad7959354ce7240cc38822f25517c92ae5e80a8a1fbabe2466b6ae	byte-identical	5.10.226-android12-9-gki-30958166-abS906NKSS7FYG8 SMP preempt mod_unload modversions aarch64		47
pci-msm-drv.ko	167	652264	7f99d6366df6759c3f5755aa5e5e00cae4a16b54e79fa9e94f92a5f759941c97	7f99d6366df6759c3f5755aa5e5e00cae4a16b54e79fa9e94f92a5f759941c97	byte-identical	5.10.226-android12-9-gki-30958166-abS906NKSS7FYG8 SMP preempt mod_unload modversions aarch64		191
pdic_max77705.ko	168	423456	27e988788242888dc0c3acaf835a66585c024b034b07741e619b674ee77db3db	27e988788242888dc0c3acaf835a66585c024b034b07741e619b674ee77db3db	byte-identical	5.10.226-android12-9-gki-30958166-abS906NKSS7FYG8 SMP preempt mod_unload modversions aarch64		156
pdic_notifier_module.ko	169	89840	fb113e39e2c204e2c2fffd5d6e7239f53df947b04c8739f1ea55ad50d4865ad3	fb113e39e2c204e2c2fffd5d6e7239f53df947b04c8739f1ea55ad50d4865ad3	byte-identical	5.10.226-android12-9-gki-30958166-abS906NKSS7FYG8 SMP preempt mod_unload modversions aarch64		37
pdr_interface.ko	170	32048	6e3e99b0b56ed9f1d3369542b61347ce2e84158581488a8387902b787a7455b0	6e3e99b0b56ed9f1d3369542b61347ce2e84158581488a8387902b787a7455b0	byte-identical	5.10.226-android12-9-gki-30958166-abS906NKSS7FYG8 SMP preempt mod_unload modversions aarch64		38
phy-msm-snps-eusb2.ko	171	50544	c8fe0c80c44cd34a2023c4b2b8aecbf0f79ca2884fe75efb0027241373e48aaa	c8fe0c80c44cd34a2023c4b2b8aecbf0f79ca2884fe75efb0027241373e48aaa	byte-identical	5.10.226-android12-9-gki-30958166-abS906NKSS7FYG8 SMP preempt mod_unload modversions aarch64		66
phy-msm-snps-hs.ko	172	67488	22a866320ba0de46619484efafaf0cf7ea3f7ba387cee7c3dd085f3a82492e94	22a866320ba0de46619484efafaf0cf7ea3f7ba387cee7c3dd085f3a82492e94	byte-identical	5.10.226-android12-9-gki-30958166-abS906NKSS7FYG8 SMP preempt mod_unload modversions aarch64		69
phy-msm-ssusb-qmp.ko	173	50184	bce2174feefb6c2ef470a073dc184d4d93b999f8970695596150e7f96796dba9	bce2174feefb6c2ef470a073dc184d4d93b999f8970695596150e7f96796dba9	byte-identical	5.10.226-android12-9-gki-30958166-abS906NKSS7FYG8 SMP preempt mod_unload modversions aarch64		43
phy-qcom-emu.ko	174	17136	4f7dc809086fc05a133c4433c5508624d8b70f13b0ab5c2514ccc4da2be3230a	4f7dc809086fc05a133c4433c5508624d8b70f13b0ab5c2514ccc4da2be3230a	byte-identical	5.10.226-android12-9-gki-30958166-abS906NKSS7FYG8 SMP preempt mod_unload modversions aarch64		22
phy-qcom-ufs-qmp-14nm.ko	175	21440	a741c68fedb078db148a49f296384d7475ea858569d07e29b2cc4ab09b2bab4a	a741c68fedb078db148a49f296384d7475ea858569d07e29b2cc4ab09b2bab4a	byte-identical	5.10.226-android12-9-gki-30958166-abS906NKSS7FYG8 SMP preempt mod_unload modversions aarch64		21
phy-qcom-ufs-qmp-v3.ko	176	26056	08b6a27f22fce068665dfbcb7fb1152418bc4d1b77f9bab1715737853c40f1d4	08b6a27f22fce068665dfbcb7fb1152418bc4d1b77f9bab1715737853c40f1d4	byte-identical	5.10.226-android12-9-gki-30958166-abS906NKSS7FYG8 SMP preempt mod_unload modversions aarch64		25
phy-qcom-ufs-qmp-v4-anarok.ko	177	30272	5ed1e3710e7367804cd10d1cf3ba2af69b6b393037a649069ac3f418f9b910d3	5ed1e3710e7367804cd10d1cf3ba2af69b6b393037a649069ac3f418f9b910d3	byte-identical	5.10.226-android12-9-gki-30958166-abS906NKSS7FYG8 SMP preempt mod_unload modversions aarch64		25
phy-qcom-ufs-qmp-v4-lahaina.ko	178	30272	d80c89a831e37438a07b8c3408a99773435917678ca71afaef1d1f17be2e6ee9	d80c89a831e37438a07b8c3408a99773435917678ca71afaef1d1f17be2e6ee9	byte-identical	5.10.226-android12-9-gki-30958166-abS906NKSS7FYG8 SMP preempt mod_unload modversions aarch64		25
phy-qcom-ufs-qmp-v4-parrot.ko	179	30272	3dd9fc21ff6fd3f8e61683c19db2b3ccbb2f0eb679b3202749b1a31fbc286800	3dd9fc21ff6fd3f8e61683c19db2b3ccbb2f0eb679b3202749b1a31fbc286800	byte-identical	5.10.226-android12-9-gki-30958166-abS906NKSS7FYG8 SMP preempt mod_unload modversions aarch64		25
pinctrl-spmi-mpp.ko	180	36600	cd508805a7904b8fc114e3a5efff6020f1e6e44b3701afc2f4525f6064be15b3	cd508805a7904b8fc114e3a5efff6020f1e6e44b3701afc2f4525f6064be15b3	byte-identical	5.10.226-android12-9-gki-30958166-abS906NKSS7FYG8 SMP preempt mod_unload modversions aarch64		26
pinctrl_lpi_dlkm.ko	181	47040	6c85e36845766f5ae3ab50abb81c75bb565537ab66cd8edbbb920acc86491a87		vendor-dlkm-only	5.10.226-android12-9-gki-30958166-abS906NKSS7FYG8 SMP preempt mod_unload modversions aarch64		53
plh_scmi.ko	182	11464	0d3bc0ba9689d9788c7e942fae4cd42dc8a1287bb51619b855873c73dac996e1	0d3bc0ba9689d9788c7e942fae4cd42dc8a1287bb51619b855873c73dac996e1	byte-identical	5.10.226-android12-9-gki-30958166-abS906NKSS7FYG8 SMP preempt mod_unload modversions aarch64		4
plh_vendor.ko	183	14424	ab0227b8fc3ef60b8cfb27503ef548ccd828af99903f51d716dfd32155e71c3b	ab0227b8fc3ef60b8cfb27503ef548ccd828af99903f51d716dfd32155e71c3b	byte-identical	5.10.226-android12-9-gki-30958166-abS906NKSS7FYG8 SMP preempt mod_unload modversions aarch64		6
pm8941-pwrkey.ko	184	28864	a6f3c32aa8e13d6efcec06df6b2c12ca471079646ddb5480c8bbd4cca9ef8ad7	a6f3c32aa8e13d6efcec06df6b2c12ca471079646ddb5480c8bbd4cca9ef8ad7	byte-identical	5.10.226-android12-9-gki-30958166-abS906NKSS7FYG8 SMP preempt mod_unload modversions aarch64		29
pmic-pon-log.ko	185	28520	2584be70deda667b50f6ba484e84c4a3caa12e698cbf30fedef09a3463d309b3	2584be70deda667b50f6ba484e84c4a3caa12e698cbf30fedef09a3463d309b3	byte-identical	5.10.226-android12-9-gki-30958166-abS906NKSS7FYG8 SMP preempt mod_unload modversions aarch64		17
pmic_glink.ko	186	41832	f5c663e44223fca85f01577bf9520a97d5480b4695cd990468af744906f7fbd1	f5c663e44223fca85f01577bf9520a97d5480b4695cd990468af744906f7fbd1	byte-identical	5.10.226-android12-9-gki-30958166-abS906NKSS7FYG8 SMP preempt mod_unload modversions aarch64		60
policy_engine.ko	187	19744	22fe679d66c99a832a35be10c15a2cec80d4986b0af104dd022a1ab1a38f3cff	22fe679d66c99a832a35be10c15a2cec80d4986b0af104dd022a1ab1a38f3cff	byte-identical	5.10.226-android12-9-gki-30958166-abS906NKSS7FYG8 SMP preempt mod_unload modversions aarch64		22
pwm-qti-lpg.ko	188	55944	09e65c1cbe749897dcffc3952e765439a1b504b51ba8c56593b14a2e97ab4c4e	09e65c1cbe749897dcffc3952e765439a1b504b51ba8c56593b14a2e97ab4c4e	byte-identical	5.10.226-android12-9-gki-30958166-abS906NKSS7FYG8 SMP preempt mod_unload modversions aarch64		30
q6_dlkm.ko	189	16288	f7255df24a594d5341075b2031e76720c36724959674a83639fb6b2647104f89		vendor-dlkm-only	5.10.226-android12-9-gki-30958166-abS906NKSS7FYG8 SMP preempt mod_unload modversions aarch64		7
q6_notifier_dlkm.ko	190	34808	2fc007fa691c46955d61d4ef5c645c9030ef874d98a8206282aa3acefacce90a		vendor-dlkm-only	5.10.226-android12-9-gki-30958166-abS906NKSS7FYG8 SMP preempt mod_unload modversions aarch64		31
q6_pdr_dlkm.ko	191	12840	ba110338dfc1a98fff1e322993fdb303c0fcf3389b39a669563ab76a035ef6f6		vendor-dlkm-only	5.10.226-android12-9-gki-30958166-abS906NKSS7FYG8 SMP preempt mod_unload modversions aarch64		5
qbt2000_spidev.ko	192	17392	568aff9775092089685a4006c563fa5369204c060b1c295966b7e604478360f3	568aff9775092089685a4006c563fa5369204c060b1c295966b7e604478360f3	byte-identical	5.10.226-android12-9-gki-30958166-abS906NKSS7FYG8 SMP preempt mod_unload modversions aarch64		21
qc_usb_audio.ko	193	14112	6e06e0e0d02b07caa4c58b05cfb1afc7877dbec77e3a483d7fd730281b630712	6e06e0e0d02b07caa4c58b05cfb1afc7877dbec77e3a483d7fd730281b630712	byte-identical	5.10.226-android12-9-gki-30958166-abS906NKSS7FYG8 SMP preempt mod_unload modversions aarch64		4
qce50.ko	194	178680	752be596605ede5af5b0f67c2503c45d262ebddb7800b10615c070f4e6970776	752be596605ede5af5b0f67c2503c45d262ebddb7800b10615c070f4e6970776	byte-identical	5.10.226-android12-9-gki-30958166-abS906NKSS7FYG8 SMP preempt mod_unload modversions aarch64		73
qcedev-mod.ko	195	524520	e2ccc851dda5a0f10eed8bf380359d766b2023cd90a44868c83b0ecda793bedb	e2ccc851dda5a0f10eed8bf380359d766b2023cd90a44868c83b0ecda793bedb	byte-identical	5.10.226-android12-9-gki-30958166-abS906NKSS7FYG8 SMP preempt mod_unload modversions aarch64		91
qcom-cpufreq-hw-debug.ko	196	21160	d61a7b6de0c51bb9838e85ba8bb4e148526e65616e2943392410a1f8bd49df5a	d61a7b6de0c51bb9838e85ba8bb4e148526e65616e2943392410a1f8bd49df5a	byte-identical	5.10.226-android12-9-gki-30958166-abS906NKSS7FYG8 SMP preempt mod_unload modversions aarch64		25
qcom-hv-haptics.ko	197	164224	32cb4ed68c2161357097284a16254739f75551f0c00eda00f2e5c0c5b75391da	32cb4ed68c2161357097284a16254739f75551f0c00eda00f2e5c0c5b75391da	byte-identical	5.10.226-android12-9-gki-30958166-abS906NKSS7FYG8 SMP preempt mod_unload modversions aarch64		111
qcom-i2c-pmic.ko	198	35888	c0bc805d31edbc1a03a9884033afc6d8151623b3b453c9db78374b1976269092	c0bc805d31edbc1a03a9884033afc6d8151623b3b453c9db78374b1976269092	byte-identical	5.10.226-android12-9-gki-30958166-abS906NKSS7FYG8 SMP preempt mod_unload modversions aarch64		39
qcom-pon.ko	199	14448	0d701136356cb134a9b6f8d62a3530c10fea10fac8253f2830271ed8357b502a	0d701136356cb134a9b6f8d62a3530c10fea10fac8253f2830271ed8357b502a	byte-identical	5.10.226-android12-9-gki-30958166-abS906NKSS7FYG8 SMP preempt mod_unload modversions aarch64		11
qcom-spmi-temp-alarm.ko	200	28976	00aaf30828d11fdae8efd1711d8fa8026878ce4db67c0f2476fcc654179ed2e3	00aaf30828d11fdae8efd1711d8fa8026878ce4db67c0f2476fcc654179ed2e3	byte-identical	5.10.226-android12-9-gki-30958166-abS906NKSS7FYG8 SMP preempt mod_unload modversions aarch64		27
qcom_cpuss_sleep_stats.ko	201	29528	3f09980f7b1aff8dca9583024ade49decba0def13e219ddebf2a94d305668613	3f09980f7b1aff8dca9583024ade49decba0def13e219ddebf2a94d305668613	byte-identical	5.10.226-android12-9-gki-30958166-abS906NKSS7FYG8 SMP preempt mod_unload modversions aarch64		36
qcom_edac.ko	202	20328	d826639e37403adb092619898b7f160d7b1a4e91c68d01ca9856195d6ce8cda2	d826639e37403adb092619898b7f160d7b1a4e91c68d01ca9856195d6ce8cda2	byte-identical	5.10.226-android12-9-gki-30958166-abS906NKSS7FYG8 SMP preempt mod_unload modversions aarch64		19
qcom_esoc.ko	203	180944	61bb51bd8c0b6296641a3697aac0a0c4cecde7e45d13fe5e99b15bb02efcfb0e	61bb51bd8c0b6296641a3697aac0a0c4cecde7e45d13fe5e99b15bb02efcfb0e	byte-identical	5.10.226-android12-9-gki-30958166-abS906NKSS7FYG8 SMP preempt mod_unload modversions aarch64		131
qcom_glink.ko	204	97440	6529f2a2e5cee5ddf0b1cfc6f12c93914e9a3bc9257c3129910ec7c4886f2a32	6529f2a2e5cee5ddf0b1cfc6f12c93914e9a3bc9257c3129910ec7c4886f2a32	byte-identical	5.10.226-android12-9-gki-30958166-abS906NKSS7FYG8 SMP preempt mod_unload modversions aarch64		92
qcom_glink_smem.ko	205	20472	b618ce820e47e95d3992fd3a4c8ea8e5d845c4ab179221f7c7d61eca3eacfb8a	b618ce820e47e95d3992fd3a4c8ea8e5d845c4ab179221f7c7d61eca3eacfb8a	byte-identical	5.10.226-android12-9-gki-30958166-abS906NKSS7FYG8 SMP preempt mod_unload modversions aarch64		22
qcom_glink_spss.ko	206	20272	80902af698eb092a8271e773abd4bf600518cea02c065cd22d579c85d7594548	80902af698eb092a8271e773abd4bf600518cea02c065cd22d579c85d7594548	byte-identical	5.10.226-android12-9-gki-30958166-abS906NKSS7FYG8 SMP preempt mod_unload modversions aarch64		29
qcom_iommu_debug.ko	207	97000	b03155977d73327fb8e88d54fe3c73b9d5f34a00234fb224cff7476fe2d3c81f	b03155977d73327fb8e88d54fe3c73b9d5f34a00234fb224cff7476fe2d3c81f	byte-identical	5.10.226-android12-9-gki-30958166-abS906NKSS7FYG8 SMP preempt mod_unload modversions aarch64		87
qcom_ipc_lite.ko	208	15664	74bb2611b581a683921f96c6b5d9c13b6284e1e7695b077cd68b470cebba8008	74bb2611b581a683921f96c6b5d9c13b6284e1e7695b077cd68b470cebba8008	byte-identical	5.10.226-android12-9-gki-30958166-abS906NKSS7FYG8 SMP preempt mod_unload modversions aarch64		10
qcom_lpm.ko	209	101448	d83256886fd1665549237700e8e9eb7a9e1d0a8ba65c3720a9907f2aa16fbe9f	d83256886fd1665549237700e8e9eb7a9e1d0a8ba65c3720a9907f2aa16fbe9f	byte-identical	5.10.226-android12-9-gki-30958166-abS906NKSS7FYG8 SMP preempt mod_unload modversions aarch64		77
qcom_pil_info.ko	210	18696	60c0116f79354ffd7ec9ffcd60a5bd8ec939617666b684abadce677edc987230	60c0116f79354ffd7ec9ffcd60a5bd8ec939617666b684abadce677edc987230	byte-identical	5.10.226-android12-9-gki-30958166-abS906NKSS7FYG8 SMP preempt mod_unload modversions aarch64		22
qcom_pm8008-regulator.ko	211	47000	43aa292e15fb32fb4a31a1f068737b3feeeae66701982258b0d13346eddd58e9	43aa292e15fb32fb4a31a1f068737b3feeeae66701982258b0d13346eddd58e9	byte-identical	5.10.226-android12-9-gki-30958166-abS906NKSS7FYG8 SMP preempt mod_unload modversions aarch64		34
qcom_q6v5.ko	212	28352	35e9d896738b796420e8185600e6a04881775218f961d3dd65d3b64a667cfd2d	35e9d896738b796420e8185600e6a04881775218f961d3dd65d3b64a667cfd2d	byte-identical	5.10.226-android12-9-gki-30958166-abS906NKSS7FYG8 SMP preempt mod_unload modversions aarch64		36
qcom_q6v5_pas.ko	213	94880	a13c99cf43ce4ea532f823eda0cb58d271a3c4dcbcdb139ed57f47b200d2d0c8	a13c99cf43ce4ea532f823eda0cb58d271a3c4dcbcdb139ed57f47b200d2d0c8	byte-identical	5.10.226-android12-9-gki-30958166-abS906NKSS7FYG8 SMP preempt mod_unload modversions aarch64		109
qcom_ramdump.ko	214	25648	66846d3b1549521cbe0bc1b1f18cac6ea15e55d2809dc209c99280379f9610ab	66846d3b1549521cbe0bc1b1f18cac6ea15e55d2809dc209c99280379f9610ab	byte-identical	5.10.226-android12-9-gki-30958166-abS906NKSS7FYG8 SMP preempt mod_unload modversions aarch64		34
qcom_smd.ko	215	43528	756f34aa0584bd5952a231aec488b00eabfd49c268c32420d18a82ca6e294794	756f34aa0584bd5952a231aec488b00eabfd49c268c32420d18a82ca6e294794	byte-identical	5.10.226-android12-9-gki-30958166-abS906NKSS7FYG8 SMP preempt mod_unload modversions aarch64		64
qcom_soc_wdt.ko	216	20264	0ac8103b79441b98470e57ca4ca00731df9a994686689cd28e9380ef7d1de725	0ac8103b79441b98470e57ca4ca00731df9a994686689cd28e9380ef7d1de725	byte-identical	5.10.226-android12-9-gki-30958166-abS906NKSS7FYG8 SMP preempt mod_unload modversions aarch64		17
qcom_spss.ko	217	41792	99d88c96d479575794ded77c6189b80209c766de3f34f85051c1055548803b9b	99d88c96d479575794ded77c6189b80209c766de3f34f85051c1055548803b9b	byte-identical	5.10.226-android12-9-gki-30958166-abS906NKSS7FYG8 SMP preempt mod_unload modversions aarch64		63
qcom_sync_file.ko	218	37112	4e980d80592cadc499062531c669356bbd741ae4e362ededa7484d5d160230b7	4e980d80592cadc499062531c669356bbd741ae4e362ededa7484d5d160230b7	byte-identical	5.10.226-android12-9-gki-30958166-abS906NKSS7FYG8 SMP preempt mod_unload modversions aarch64		49
qcom_sysmon.ko	219	46112	1ed0af4a90bca1913d59d1544dff9ef6bdc345157b34e4397cf839ab9d00b45f	1ed0af4a90bca1913d59d1544dff9ef6bdc345157b34e4397cf839ab9d00b45f	byte-identical	5.10.226-android12-9-gki-30958166-abS906NKSS7FYG8 SMP preempt mod_unload modversions aarch64		55
qdss_bridge.ko	220	45072	de7770c97b8b95fc72df18250e4522c15f8b65d6d8cd8907169bb4ecb4fc15b1	de7770c97b8b95fc72df18250e4522c15f8b65d6d8cd8907169bb4ecb4fc15b1	byte-identical	5.10.226-android12-9-gki-30958166-abS906NKSS7FYG8 SMP preempt mod_unload modversions aarch64		57
qfprom-sys.ko	221	15208	59e0e35329c04e8aae223a2409362917bae702788d0f78f251769373d0399829	59e0e35329c04e8aae223a2409362917bae702788d0f78f251769373d0399829	byte-identical	5.10.226-android12-9-gki-30958166-abS906NKSS7FYG8 SMP preempt mod_unload modversions aarch64		15
qmi_helpers.ko	222	41016	6954a48b5ad3acf3a531a24d98dea294a2bd68778c4617e2baaad248daff3dd6	6954a48b5ad3acf3a531a24d98dea294a2bd68778c4617e2baaad248daff3dd6	byte-identical	5.10.226-android12-9-gki-30958166-abS906NKSS7FYG8 SMP preempt mod_unload modversions aarch64		37
qmp-sysfs-client.ko	223	16696	261703ea080855424a52129f4a9ec3da4a15ad555b565beca61a26287e53d4c7	261703ea080855424a52129f4a9ec3da4a15ad555b565beca61a26287e53d4c7	byte-identical	5.10.226-android12-9-gki-30958166-abS906NKSS7FYG8 SMP preempt mod_unload modversions aarch64		18
qnoc-parrot.ko	224	201352	51d8aaaa2b52fd2e0084277971534f4900e782bd27bdf29309daeb54436e6a49	51d8aaaa2b52fd2e0084277971534f4900e782bd27bdf29309daeb54436e6a49	byte-identical	5.10.226-android12-9-gki-30958166-abS906NKSS7FYG8 SMP preempt mod_unload modversions aarch64		9
qpnp-amoled-regulator.ko	225	27248	aabf07abacd84a4a5057418bd0dde1ee49f7a88752815691eedae9d59e88d083	aabf07abacd84a4a5057418bd0dde1ee49f7a88752815691eedae9d59e88d083	byte-identical	5.10.226-android12-9-gki-30958166-abS906NKSS7FYG8 SMP preempt mod_unload modversions aarch64		20
qpnp-pbs.ko	226	23432	bfd4bfc40b334e7da84e463e82abe2224640373ca8ce86a2d70acf95fd5778ad	bfd4bfc40b334e7da84e463e82abe2224640373ca8ce86a2d70acf95fd5778ad	byte-identical	5.10.226-android12-9-gki-30958166-abS906NKSS7FYG8 SMP preempt mod_unload modversions aarch64		18
qrtr-gunyah.ko	227	30056	5bb02d17fff2be66b7a755097f2c73c7b699e34d90ca0305c6c7b06c30e0d96f	5bb02d17fff2be66b7a755097f2c73c7b699e34d90ca0305c6c7b06c30e0d96f	byte-identical	5.10.226-android12-9-gki-30958166-abS906NKSS7FYG8 SMP preempt mod_unload modversions aarch64		51
qrtr-mhi.ko	228	18768	9d086536e72e81a0db9f8fe278e6318cb966bba04204738b5947bcff60dcb9ee	9d086536e72e81a0db9f8fe278e6318cb966bba04204738b5947bcff60dcb9ee	byte-identical	5.10.226-android12-9-gki-30958166-abS906NKSS7FYG8 SMP preempt mod_unload modversions aarch64		27
qrtr-smd.ko	229	16888	ae12dcd50c0840d0fa1b6fa9860951ab246893fa83404a34aead61b3d846327f	ae12dcd50c0840d0fa1b6fa9860951ab246893fa83404a34aead61b3d846327f	byte-identical	5.10.226-android12-9-gki-30958166-abS906NKSS7FYG8 SMP preempt mod_unload modversions aarch64		24
qsee_ipc_irq_bridge.ko	230	38592	ac26411c1925899666ed5e23a83aea700373035ebfc2d9457a519532af6e8537	ac26411c1925899666ed5e23a83aea700373035ebfc2d9457a519532af6e8537	byte-identical	5.10.226-android12-9-gki-30958166-abS906NKSS7FYG8 SMP preempt mod_unload modversions aarch64		43
qseecom-mod.ko	231	738400	08326e4366701030d4041f160a7ecd1e535429159d9fe5e8e7450f9e68d490dc	08326e4366701030d4041f160a7ecd1e535429159d9fe5e8e7450f9e68d490dc	byte-identical	5.10.226-android12-9-gki-30958166-abS906NKSS7FYG8 SMP preempt mod_unload modversions aarch64		108
qti_amoled_ecm.ko	232	37608	dbcf2f38644e2b0820ab7e20b576e1c86bf705d32403b76fce36b9bf399ecbf7	dbcf2f38644e2b0820ab7e20b576e1c86bf705d32403b76fce36b9bf399ecbf7	byte-identical	5.10.226-android12-9-gki-30958166-abS906NKSS7FYG8 SMP preempt mod_unload modversions aarch64		40
qti_battery_charger_main.ko	233	79456	6d58ee32476942842dfebcee8e805459888095c8d21a16fe7d39d79acbcbc480	6d58ee32476942842dfebcee8e805459888095c8d21a16fe7d39d79acbcbc480	byte-identical	5.10.226-android12-9-gki-30958166-abS906NKSS7FYG8 SMP preempt mod_unload modversions aarch64		81
qti_battery_debug.ko	234	38208	6d7dcae500bedc200272141c442e5f2e5ddf2cd4beffb66b2b9bd2b511925b2e	6d7dcae500bedc200272141c442e5f2e5ddf2cd4beffb66b2b9bd2b511925b2e	byte-identical	5.10.226-android12-9-gki-30958166-abS906NKSS7FYG8 SMP preempt mod_unload modversions aarch64		34
qti_devfreq_cdev.ko	235	18224	6b72e63d0dc3040de05d1ed405511544be1362ebdc4c239f6c1bc87c64547690	6b72e63d0dc3040de05d1ed405511544be1362ebdc4c239f6c1bc87c64547690	byte-identical	5.10.226-android12-9-gki-30958166-abS906NKSS7FYG8 SMP preempt mod_unload modversions aarch64		23
qti_qmi_cdev.ko	236	31232	3fb5aee761f562e0d16fff3586fc250ce7f33492f60fb68ff0fefcad1089cff6	3fb5aee761f562e0d16fff3586fc250ce7f33492f60fb68ff0fefcad1089cff6	byte-identical	5.10.226-android12-9-gki-30958166-abS906NKSS7FYG8 SMP preempt mod_unload modversions aarch64		35
qti_qmi_sensor_v2.ko	237	36656	187fbeccddd1f2938a36da8e624dba2db321340bff43659d79344c8ca70f219d	187fbeccddd1f2938a36da8e624dba2db321340bff43659d79344c8ca70f219d	byte-identical	5.10.226-android12-9-gki-30958166-abS906NKSS7FYG8 SMP preempt mod_unload modversions aarch64		39
qti_userspace_cdev.ko	238	15880	d8f3c93053c833ee7c8b7d1a77c7de03b41514d89042fcc79b37fadd3e47f755	d8f3c93053c833ee7c8b7d1a77c7de03b41514d89042fcc79b37fadd3e47f755	byte-identical	5.10.226-android12-9-gki-30958166-abS906NKSS7FYG8 SMP preempt mod_unload modversions aarch64		11
rdbg.ko	239	37672	6f3c16b9d2a12e836cf3120e5d9c8e45366ddee5bb5187b5d09d32900a817f8e	6f3c16b9d2a12e836cf3120e5d9c8e45366ddee5bb5187b5d09d32900a817f8e	byte-identical	5.10.226-android12-9-gki-30958166-abS906NKSS7FYG8 SMP preempt mod_unload modversions aarch64		39
redriver.ko	240	19760	93a6f0c1ea7c3fcae9001a735077ce4b0df91e4889fe8ced74127893e34d7336	93a6f0c1ea7c3fcae9001a735077ce4b0df91e4889fe8ced74127893e34d7336	byte-identical	5.10.226-android12-9-gki-30958166-abS906NKSS7FYG8 SMP preempt mod_unload modversions aarch64		8
repeater-i2c-eusb2.ko	241	25408	bf3e110cc97f93e6ac80a116cac08dab1103896a13a55a220516e18dc439f512	bf3e110cc97f93e6ac80a116cac08dab1103896a13a55a220516e18dc439f512	byte-identical	5.10.226-android12-9-gki-30958166-abS906NKSS7FYG8 SMP preempt mod_unload modversions aarch64		27
repeater.ko	242	16544	4f04ac529d020ec3f5dd196d32b75447ceeb4f232577e95305c1f57025923d45	4f04ac529d020ec3f5dd196d32b75447ceeb4f232577e95305c1f57025923d45	byte-identical	5.10.226-android12-9-gki-30958166-abS906NKSS7FYG8 SMP preempt mod_unload modversions aarch64		17
rimps_log.ko	243	19232	2e2c174a88191f35eecc6e26303492410edf22b688f50c99f3f9056991e6f213	2e2c174a88191f35eecc6e26303492410edf22b688f50c99f3f9056991e6f213	byte-identical	5.10.226-android12-9-gki-30958166-abS906NKSS7FYG8 SMP preempt mod_unload modversions aarch64		24
rmnet_aps.ko	244	27944	bc8bf932de129661f06fc0361aadf4ea9c7c462e213c0dee74e29d6f59f013a1		vendor-dlkm-only	5.10.226-android12-9-gki-30958166-abS906NKSS7FYG8 SMP preempt mod_unload modversions aarch64		33
rmnet_core.ko	245	516888	0006b736bdb9c1169a092c3c1d4b35c86fb203858a0c582503167decd0cb70f4		vendor-dlkm-only	5.10.226-android12-9-gki-30958166-abS906NKSS7FYG8 SMP preempt mod_unload modversions aarch64		158
rmnet_ctl.ko	246	26600	bfbb548565cb3cb29f91d944124c5ab71105d326ebcc0d7ddf6800d844ccb895		vendor-dlkm-only	5.10.226-android12-9-gki-30958166-abS906NKSS7FYG8 SMP preempt mod_unload modversions aarch64		27
rmnet_offload.ko	247	43408	a18f4bb53bae4d38322a6f4b97ec55538906c76365990b2972a7bda29516dacb		vendor-dlkm-only	5.10.226-android12-9-gki-30958166-abS906NKSS7FYG8 SMP preempt mod_unload modversions aarch64		35
rmnet_perf.ko	248	14608	8e332794c2aa729fdc0f30132b73f6377ce3212c49a6b460d06a062f2aa35fe6		vendor-dlkm-only	5.10.226-android12-9-gki-30958166-abS906NKSS7FYG8 SMP preempt mod_unload modversions aarch64		9
rmnet_perf_tether.ko	249	25936	b13976bf8d5bbd37736d6086b08122f9da1e986c160c2b82f21b96c9c402d20d		vendor-dlkm-only	5.10.226-android12-9-gki-30958166-abS906NKSS7FYG8 SMP preempt mod_unload modversions aarch64		27
rmnet_sch.ko	250	18440	5ef03fab96cc3693b1c21d94fceb4ec5c786c69f4138e10b495d4365aa7084bf		vendor-dlkm-only	5.10.226-android12-9-gki-30958166-abS906NKSS7FYG8 SMP preempt mod_unload modversions aarch64		8
rmnet_shs.ko	251	328376	71ea30d6e747de6229a335eb6db4731761ba7dd84032b8838a12965743390500		vendor-dlkm-only	5.10.226-android12-9-gki-30958166-abS906NKSS7FYG8 SMP preempt mod_unload modversions aarch64		125
rmnet_wlan.ko	252	78896	be9e7539a46787a7d22e0f9c7f372d0776865cb8255c85c0ed33678a87a89113		vendor-dlkm-only	5.10.226-android12-9-gki-30958166-abS906NKSS7FYG8 SMP preempt mod_unload modversions aarch64		58
rndisipam.ko	253	132864	af2f13111b0aac62407255490c5cc0563910abb6c2856718146c13731c16ff5d		vendor-dlkm-only	5.10.226-android12-9-gki-30958166-abS906NKSS7FYG8 SMP preempt mod_unload modversions aarch64		85
rproc_qcom_common.ko	254	72624	48a008879c07d0d709ad97a8b31da1fdcd3076371690c0330a744999336133b6	48a008879c07d0d709ad97a8b31da1fdcd3076371690c0330a744999336133b6	byte-identical	5.10.226-android12-9-gki-30958166-abS906NKSS7FYG8 SMP preempt mod_unload modversions aarch64		79
s2miw04_charger.ko	255	264568	fe453b8655c9145e8fc29c2656278f57e49487d899efd9716b6ecf314d8b72f2	fe453b8655c9145e8fc29c2656278f57e49487d899efd9716b6ecf314d8b72f2	byte-identical	5.10.226-android12-9-gki-30958166-abS906NKSS7FYG8 SMP preempt mod_unload modversions aarch64		79
sb-core.ko	256	59624	1a96c729f01386982c3520052b64a6817722c098d306339ca88597ba128bd035	1a96c729f01386982c3520052b64a6817722c098d306339ca88597ba128bd035	byte-identical	5.10.226-android12-9-gki-30958166-abS906NKSS7FYG8 SMP preempt mod_unload modversions aarch64		37
sb-mfc.ko	257	23776	dfecd65738412865cabd501fe05b28b1846b39382f1ed1717af14faccd5fbd7f	dfecd65738412865cabd501fe05b28b1846b39382f1ed1717af14faccd5fbd7f	byte-identical	5.10.226-android12-9-gki-30958166-abS906NKSS7FYG8 SMP preempt mod_unload modversions aarch64		21
sdhci-msm-sec.ko	258	232848	90faf87af922b8fd2683e8073100af32ca3c1af65eb15af99e7f9332362baf4d	90faf87af922b8fd2683e8073100af32ca3c1af65eb15af99e7f9332362baf4d	byte-identical	5.10.226-android12-9-gki-30958166-abS906NKSS7FYG8 SMP preempt mod_unload modversions aarch64		181
sdpm_clk.ko	259	23064	142f9a6d0dce44bc1c9f335011059ee6c3a5ffea90da7ab76dff7a9b268d21b4	142f9a6d0dce44bc1c9f335011059ee6c3a5ffea90da7ab76dff7a9b268d21b4	byte-identical	5.10.226-android12-9-gki-30958166-abS906NKSS7FYG8 SMP preempt mod_unload modversions aarch64		33
sec-battery.ko	260	803776	2900bbce21b6bc2db8b58f3d81b3e13401073dda124da37064008281619a9022	2900bbce21b6bc2db8b58f3d81b3e13401073dda124da37064008281619a9022	byte-identical	5.10.226-android12-9-gki-30958166-abS906NKSS7FYG8 SMP preempt mod_unload modversions aarch64		146
sec-direct-charger.ko	261	100304	e04faddc6a604482dd37c4710954805453ba9da86d26609b9aefbacc558bf530	e04faddc6a604482dd37c4710954805453ba9da86d26609b9aefbacc558bf530	byte-identical	5.10.226-android12-9-gki-30958166-abS906NKSS7FYG8 SMP preempt mod_unload modversions aarch64		46
sec-pinmux.ko	262	12864	89984f6d4f995f84176788cb95183e7376ac239edc52e702954ac131243ea0f5	89984f6d4f995f84176788cb95183e7376ac239edc52e702954ac131243ea0f5	byte-identical	5.10.226-android12-9-gki-30958166-abS906NKSS7FYG8 SMP preempt mod_unload modversions aarch64		9
sec_abc_detect_conn.ko	263	40776	8b3b565237ca80e8fff704d83db0ad27b26c061ea1cfc95952c04e9ca4dc986d	8b3b565237ca80e8fff704d83db0ad27b26c061ea1cfc95952c04e9ca4dc986d	byte-identical	5.10.226-android12-9-gki-30958166-abS906NKSS7FYG8 SMP preempt mod_unload modversions aarch64		36
sec_ap_pmic.ko	264	29864	d89d45e15f9032446b8c071f6db44dcd13f8020dfd22c82ff0a6e543687afac6	d89d45e15f9032446b8c071f6db44dcd13f8020dfd22c82ff0a6e543687afac6	byte-identical	5.10.226-android12-9-gki-30958166-abS906NKSS7FYG8 SMP preempt mod_unload modversions aarch64		31
sec_argos.ko	265	45720	f288602edde67ad072841dd5aab9ee2fa4dca005ecb40ac8fd519dd847fcd9e3	f288602edde67ad072841dd5aab9ee2fa4dca005ecb40ac8fd519dd847fcd9e3	byte-identical	5.10.226-android12-9-gki-30958166-abS906NKSS7FYG8 SMP preempt mod_unload modversions aarch64		41
sec_arm64_fsimd_debug.ko	266	22384	7c30ff222128753b84dcc07729b7538f2fa877b6be2fb8b59b64e83a1675cae3	7c30ff222128753b84dcc07729b7538f2fa877b6be2fb8b59b64e83a1675cae3	byte-identical	5.10.226-android12-9-gki-30958166-abS906NKSS7FYG8 SMP preempt mod_unload modversions aarch64		18
sec_audio_sysfs.ko	267	66784	3f0f1a5b7e58dc8d3f0e95e3cb5d603585c34d6744d61d3bd0f6c2b4d5221601	3f0f1a5b7e58dc8d3f0e95e3cb5d603585c34d6744d61d3bd0f6c2b4d5221601	byte-identical	5.10.226-android12-9-gki-30958166-abS906NKSS7FYG8 SMP preempt mod_unload modversions aarch64		22
sec_cmd.ko	268	42680	4dd8d02d651a0bc4005be4ca49a68599d6e126ba5f811372684ba6e8ea279cee	4dd8d02d651a0bc4005be4ca49a68599d6e126ba5f811372684ba6e8ea279cee	byte-identical	5.10.226-android12-9-gki-30958166-abS906NKSS7FYG8 SMP preempt mod_unload modversions aarch64		44
sec_common_fn.ko	269	156512	13487b5c8699236b18b402002007990f9ee8c909326cc2d9c414d4d89c800693	13487b5c8699236b18b402002007990f9ee8c909326cc2d9c414d4d89c800693	byte-identical	5.10.226-android12-9-gki-30958166-abS906NKSS7FYG8 SMP preempt mod_unload modversions aarch64		68
sec_input_notifier.ko	270	13024	66d5317e7cc6a1444d9abea4b03ab69b7b70cc0a0e9221bcf705fdd89415c48d	66d5317e7cc6a1444d9abea4b03ab69b7b70cc0a0e9221bcf705fdd89415c48d	byte-identical	5.10.226-android12-9-gki-30958166-abS906NKSS7FYG8 SMP preempt mod_unload modversions aarch64		5
sec_panel_notifier.ko	271	11880	2e93a7c3bf81d1ab7ed740461027b60f32701d3f21f095ffd325ef79196ae7ad	2e93a7c3bf81d1ab7ed740461027b60f32701d3f21f095ffd325ef79196ae7ad	byte-identical	5.10.226-android12-9-gki-30958166-abS906NKSS7FYG8 SMP preempt mod_unload modversions aarch64		4
sec_pd.ko	272	28608	bf9555a3886b4c28af7eaa9ee2d14e6e6a9c2ff3fa5249defd7bcbdcf72e3c60	bf9555a3886b4c28af7eaa9ee2d14e6e6a9c2ff3fa5249defd7bcbdcf72e3c60	byte-identical	5.10.226-android12-9-gki-30958166-abS906NKSS7FYG8 SMP preempt mod_unload modversions aarch64		3
sec_pon_alarm.ko	273	29992	6e5aaa209a4761b38ea4db97febdff66b558c5830c46c1cde368ab974f930a26	6e5aaa209a4761b38ea4db97febdff66b558c5830c46c1cde368ab974f930a26	byte-identical	5.10.226-android12-9-gki-30958166-abS906NKSS7FYG8 SMP preempt mod_unload modversions aarch64		33
sec_qc_hw_param.ko	274	87072	8fe832d920fff14c0caf1992b591db64bf671867ce2f165bad7973bc8df6ad3f	8fe832d920fff14c0caf1992b591db64bf671867ce2f165bad7973bc8df6ad3f	byte-identical	5.10.226-android12-9-gki-30958166-abS906NKSS7FYG8 SMP preempt mod_unload modversions aarch64		67
sec_qc_qcom_reboot_reason.ko	275	28640	873bcd3141e296c68a2f4d1d2a1930509dd408878e5b495ac007a67316e91f30	873bcd3141e296c68a2f4d1d2a1930509dd408878e5b495ac007a67316e91f30	byte-identical	5.10.226-android12-9-gki-30958166-abS906NKSS7FYG8 SMP preempt mod_unload modversions aarch64		31
sec_qc_qcom_wdt_core.ko	276	25712	650f9aaeedbdb777ba3c70998dda5b144aa669ababb3fc309b93630981aaf656	650f9aaeedbdb777ba3c70998dda5b144aa669ababb3fc309b93630981aaf656	byte-identical	5.10.226-android12-9-gki-30958166-abS906NKSS7FYG8 SMP preempt mod_unload modversions aarch64		26
sec_qc_rbcmd.ko	277	43840	2e549ffe439378732c1a69e0f118a043c1e335908f163fa246e94715eb0ddbcd	2e549ffe439378732c1a69e0f118a043c1e335908f163fa246e94715eb0ddbcd	byte-identical	5.10.226-android12-9-gki-30958166-abS906NKSS7FYG8 SMP preempt mod_unload modversions aarch64		26
sec_qc_rdx_bootdev.ko	278	26464	3591fd6438b23c86051aa31c8a9e83912dbcff880a483fbb513125e47a3e3212	3591fd6438b23c86051aa31c8a9e83912dbcff880a483fbb513125e47a3e3212	byte-identical	5.10.226-android12-9-gki-30958166-abS906NKSS7FYG8 SMP preempt mod_unload modversions aarch64		30
sec_qc_rst_exinfo.ko	279	45144	893b1a57a92117721de97e549f0fb5d32283180226e95336a391bcdee53322bf	893b1a57a92117721de97e549f0fb5d32283180226e95336a391bcdee53322bf	byte-identical	5.10.226-android12-9-gki-30958166-abS906NKSS7FYG8 SMP preempt mod_unload modversions aarch64		41
sec_qc_smem.ko	280	61360	e981a6cbe3bc23e8f2368b5b33f5d99823ef46c658451cc46e6a2b6516249a78	e981a6cbe3bc23e8f2368b5b33f5d99823ef46c658451cc46e6a2b6516249a78	byte-identical	5.10.226-android12-9-gki-30958166-abS906NKSS7FYG8 SMP preempt mod_unload modversions aarch64		22
sec_qc_soc_id.ko	281	26440	ac5814e68d9f21ff180e8cc225de2c8c526ef095ff919f51c55ee39dc9172040	ac5814e68d9f21ff180e8cc225de2c8c526ef095ff919f51c55ee39dc9172040	byte-identical	5.10.226-android12-9-gki-30958166-abS906NKSS7FYG8 SMP preempt mod_unload modversions aarch64		22
sec_qc_user_reset.ko	282	88584	dd5944e8ec52ae6237c46383163e66444adbaacfd556825260dfb203cbbfa8fc	dd5944e8ec52ae6237c46383163e66444adbaacfd556825260dfb203cbbfa8fc	byte-identical	5.10.226-android12-9-gki-30958166-abS906NKSS7FYG8 SMP preempt mod_unload modversions aarch64		67
sec_reboot_cmd.ko	283	35368	560b05535402808d0921725021c4da2124443b0ada729a49c24abea2a1b76f95	560b05535402808d0921725021c4da2124443b0ada729a49c24abea2a1b76f95	byte-identical	5.10.226-android12-9-gki-30958166-abS906NKSS7FYG8 SMP preempt mod_unload modversions aarch64		33
sec_secure_touch.ko	284	21240	6dc3f6dde18eab21317c5a835b4a719b88c70b571cfc583f63849957ffe9ae6c	6dc3f6dde18eab21317c5a835b4a719b88c70b571cfc583f63849957ffe9ae6c	byte-identical	5.10.226-android12-9-gki-30958166-abS906NKSS7FYG8 SMP preempt mod_unload modversions aarch64		19
sec_sysup.ko	285	17624	d092645761e1e6bbceea1d30ad9fcdec2441311b40d97607310ba07f91d05a3a	d092645761e1e6bbceea1d30ad9fcdec2441311b40d97607310ba07f91d05a3a	byte-identical	5.10.226-android12-9-gki-30958166-abS906NKSS7FYG8 SMP preempt mod_unload modversions aarch64		18
sec_tclm_v2.ko	286	39488	e6cf832692c46a25712e6c79e38b83499f60003e7e21610a0d62fc43361ea21f	e6cf832692c46a25712e6c79e38b83499f60003e7e21610a0d62fc43361ea21f	byte-identical	5.10.226-android12-9-gki-30958166-abS906NKSS7FYG8 SMP preempt mod_unload modversions aarch64		13
sec_thermistor.ko	287	23056	d5387d9bf84129fc02d7f51bebd61e41dfc0d9c8cdd0c25e506bcb822c5b1f28	d5387d9bf84129fc02d7f51bebd61e41dfc0d9c8cdd0c25e506bcb822c5b1f28	byte-identical	5.10.226-android12-9-gki-30958166-abS906NKSS7FYG8 SMP preempt mod_unload modversions aarch64		26
sec_tsp_dumpkey.ko	288	23432	c4fa1ae82e463672349b99f0beac485da5d5ab4aa941302c7839ae830b015701	c4fa1ae82e463672349b99f0beac485da5d5ab4aa941302c7839ae830b015701	byte-identical	5.10.226-android12-9-gki-30958166-abS906NKSS7FYG8 SMP preempt mod_unload modversions aarch64		17
sec_tsp_log.ko	289	45432	6145da029fae1953caf6b07ac7d68905236051a15eae065b146996227d0a611d	6145da029fae1953caf6b07ac7d68905236051a15eae065b146996227d0a611d	byte-identical	5.10.226-android12-9-gki-30958166-abS906NKSS7FYG8 SMP preempt mod_unload modversions aarch64		26
sec_vibrator_inputff_module.ko	290	53984	9c74a5eff83864d371287f0a98d9289f71cb1836d1a1462ca1bc19311a6be182	9c74a5eff83864d371287f0a98d9289f71cb1836d1a1462ca1bc19311a6be182	byte-identical	5.10.226-android12-9-gki-30958166-abS906NKSS7FYG8 SMP preempt mod_unload modversions aarch64		47
sensors_core.ko	291	24624	cbf7b2067b9e30f62507e4f4921245b7749e0dea402745be59089c4e950ae56f	cbf7b2067b9e30f62507e4f4921245b7749e0dea402745be59089c4e950ae56f	byte-identical	5.10.226-android12-9-gki-30958166-abS906NKSS7FYG8 SMP preempt mod_unload modversions aarch64		21
sensors_ssc.ko	292	33944	ac1f57ae7f20914e4611597999cb1eba7edfa9efaf1fc7faa810ae3cf65a7f65	ac1f57ae7f20914e4611597999cb1eba7edfa9efaf1fc7faa810ae3cf65a7f65	byte-identical	5.10.226-android12-9-gki-30958166-abS906NKSS7FYG8 SMP preempt mod_unload modversions aarch64		46
sg.ko	293	154880	2e926f5851e6f737bbf5548a0aa9d80164819031fdb35631730dd7b151a33dfb	2e926f5851e6f737bbf5548a0aa9d80164819031fdb35631730dd7b151a33dfb	byte-identical	5.10.226-android12-9-gki-30958166-abS906NKSS7FYG8 SMP preempt mod_unload modversions aarch64	1ACF9CE58E5EFD35C7CC9F0	99
shared_rail_scmi.ko	294	11584	4dd43f5ab7952a13750f57e1917ca692b3989d73bbae09f328e68f66403a823c	4dd43f5ab7952a13750f57e1917ca692b3989d73bbae09f328e68f66403a823c	byte-identical	5.10.226-android12-9-gki-30958166-abS906NKSS7FYG8 SMP preempt mod_unload modversions aarch64		4
shared_rail_vendor.ko	295	12728	9db69785904ca6e4b32b656b36cb068f25a7b4624446d1219e15429c514b7e72	9db69785904ca6e4b32b656b36cb068f25a7b4624446d1219e15429c514b7e72	byte-identical	5.10.226-android12-9-gki-30958166-abS906NKSS7FYG8 SMP preempt mod_unload modversions aarch64		7
slim-qcom-ngd-ctrl.ko	296	122280	6aa6ebafdab98907884cba92dde541ce82fbc57cc181493cf69c15db308bf49b	6aa6ebafdab98907884cba92dde541ce82fbc57cc181493cf69c15db308bf49b	byte-identical	5.10.226-android12-9-gki-30958166-abS906NKSS7FYG8 SMP preempt mod_unload modversions aarch64		122
slimbus.ko	297	56248	581696ee7fe4aa5065eabb7c5eabaf682d671ad3661ec95306f028552a11deba	581696ee7fe4aa5065eabb7c5eabaf682d671ad3661ec95306f028552a11deba	byte-identical	5.10.226-android12-9-gki-30958166-abS906NKSS7FYG8 SMP preempt mod_unload modversions aarch64		51
slsi_ts.ko	298	794360	402264a109288f9102830dcff3f236d5ac26206fe65601457d84e18eee61bac6	402264a109288f9102830dcff3f236d5ac26206fe65601457d84e18eee61bac6	byte-identical	5.10.226-android12-9-gki-30958166-abS906NKSS7FYG8 SMP preempt mod_unload modversions aarch64		136
smcinvoke_mod.ko	299	289032	9aa6ff7c315b896748c33e652b45981265489f604302cb5b2a02c31b633bc5ea	9aa6ff7c315b896748c33e652b45981265489f604302cb5b2a02c31b633bc5ea	byte-identical	5.10.226-android12-9-gki-30958166-abS906NKSS7FYG8 SMP preempt mod_unload modversions aarch64		111
smp2p.ko	300	37904	5b43da17efccd3d89f0ba81f707d8133b751e3f5187b3365fe1c547b7dcc220c	5b43da17efccd3d89f0ba81f707d8133b751e3f5187b3365fe1c547b7dcc220c	byte-identical	5.10.226-android12-9-gki-30958166-abS906NKSS7FYG8 SMP preempt mod_unload modversions aarch64		62
smp2p_sleepstate.ko	301	15088	d18933bd49c24430781b8e8dbbffe42f8cba81e82be411c0dd614dc25de1ecfb	d18933bd49c24430781b8e8dbbffe42f8cba81e82be411c0dd614dc25de1ecfb	byte-identical	5.10.226-android12-9-gki-30958166-abS906NKSS7FYG8 SMP preempt mod_unload modversions aarch64		16
smsc.ko	302	23488	34469381acab00a8152a8ffb94e338c29cf24cac0545fda1eb3449ce8d341696	34469381acab00a8152a8ffb94e338c29cf24cac0545fda1eb3449ce8d341696	byte-identical	5.10.226-android12-9-gki-30958166-abS906NKSS7FYG8 SMP preempt mod_unload modversions aarch64		22
smsc75xx.ko	303	83544	bdff83e1e7a1f6bdd4652777b4a141f0db4287e4bff513c4d6331d3a032a1fad	bdff83e1e7a1f6bdd4652777b4a141f0db4287e4bff513c4d6331d3a032a1fad	byte-identical	5.10.226-android12-9-gki-30958166-abS906NKSS7FYG8 SMP preempt mod_unload modversions aarch64		65
smsc95xx.ko	304	78568	9c66ec5b556461576b5d8c507772436099aca6e362ab16fb3482cc6a52b9ce8b	9c66ec5b556461576b5d8c507772436099aca6e362ab16fb3482cc6a52b9ce8b	byte-identical	5.10.226-android12-9-gki-30958166-abS906NKSS7FYG8 SMP preempt mod_unload modversions aarch64		82
snd-soc-cirrus-amp.ko	305	132200	f1edeb04900c247c42645f17d44c29bb8be67ad0bf9d9c7cfad170cbbd9c9a4e	f1edeb04900c247c42645f17d44c29bb8be67ad0bf9d9c7cfad170cbbd9c9a4e	byte-identical	5.10.226-android12-9-gki-30958166-abS906NKSS7FYG8 SMP preempt mod_unload modversions aarch64		61
snd-soc-cs35l41-i2c.ko	306	119616	567365177522ef864ec1c743c30b8a83b3e9591c6d62259ef176fe8223a1b833	567365177522ef864ec1c743c30b8a83b3e9591c6d62259ef176fe8223a1b833	byte-identical	5.10.226-android12-9-gki-30958166-abS906NKSS7FYG8 SMP preempt mod_unload modversions aarch64		79
snd-soc-cs35l45-i2c.ko	307	13872	fb0edee2a8225d9c22d5995e413ead13404159f9dc9521610caa713910bd299c	fb0edee2a8225d9c22d5995e413ead13404159f9dc9521610caa713910bd299c	byte-identical	5.10.226-android12-9-gki-30958166-abS906NKSS7FYG8 SMP preempt mod_unload modversions aarch64		10
snd-soc-cs35l45.ko	308	141336	5ef6fc3280b8d743a9ce873f8eea0c0b77d33665fe929567a4776d6fe2ed7033	5ef6fc3280b8d743a9ce873f8eea0c0b77d33665fe929567a4776d6fe2ed7033	byte-identical	5.10.226-android12-9-gki-30958166-abS906NKSS7FYG8 SMP preempt mod_unload modversions aarch64		104
snd-soc-cs40l26.ko	309	45968	ae5ad5ea3a004e347f86f371333f66199cf99684da93be667407f2d6ef7a5929	ae5ad5ea3a004e347f86f371333f66199cf99684da93be667407f2d6ef7a5929	byte-identical	5.10.226-android12-9-gki-30958166-abS906NKSS7FYG8 SMP preempt mod_unload modversions aarch64		34
snd-soc-wm-adsp.ko	310	126160	6347e5cc08365a5b9e3db3db0c74279090f4f5267a42a14bd2f26116bde5ed61	6347e5cc08365a5b9e3db3db0c74279090f4f5267a42a14bd2f26116bde5ed61	byte-identical	5.10.226-android12-9-gki-30958166-abS906NKSS7FYG8 SMP preempt mod_unload modversions aarch64		80
snd-usb-audio-qmi.ko	311	83360	b5d8ba8f31f700acfb06c45c064552b12805619255adb25c443b946103f831a4	b5d8ba8f31f700acfb06c45c064552b12805619255adb25c443b946103f831a4	byte-identical	5.10.226-android12-9-gki-30958166-abS906NKSS7FYG8 SMP preempt mod_unload modversions aarch64		78
snd_debug_proc.ko	312	27312	9b84ed9b5e431d3d11b360736ae8d29c40029246c5719bd2eb955bc2b5b5adb5	9b84ed9b5e431d3d11b360736ae8d29c40029246c5719bd2eb955bc2b5b5adb5	byte-identical	5.10.226-android12-9-gki-30958166-abS906NKSS7FYG8 SMP preempt mod_unload modversions aarch64		23
snd_event_dlkm.ko	313	22512	bfb5126226b541735bb1180e39b944816872abf47a7426832a747c6efef9004c		vendor-dlkm-only	5.10.226-android12-9-gki-30958166-abS906NKSS7FYG8 SMP preempt mod_unload modversions aarch64		12
snvm.ko	314	71504	5e26a5b0f6e956a9fe323f1bb809c6503e00380b0f3a71657b33a169cc15574b	5e26a5b0f6e956a9fe323f1bb809c6503e00380b0f3a71657b33a169cc15574b	byte-identical	5.10.226-android12-9-gki-30958166-abS906NKSS7FYG8 SMP preempt mod_unload modversions aarch64		44
soc_sleep_stats.ko	315	59272	4ed02291740c3960dab8a775007948216b848da460376187085771f6c65a3d64	4ed02291740c3960dab8a775007948216b848da460376187085771f6c65a3d64	byte-identical	5.10.226-android12-9-gki-30958166-abS906NKSS7FYG8 SMP preempt mod_unload modversions aarch64		51
spcom.ko	316	192352	d633b3562a0de8a3346f1b6d5f1843eb6388bbfd23dd74f70995deeefe594302	d633b3562a0de8a3346f1b6d5f1843eb6388bbfd23dd74f70995deeefe594302	byte-identical	5.10.226-android12-9-gki-30958166-abS906NKSS7FYG8 SMP preempt mod_unload modversions aarch64		72
spf_core_dlkm.ko	317	35816	1a89006348463213283c047ea7f123fd9270b75f2beb7955de7070b0e358e588		vendor-dlkm-only	5.10.226-android12-9-gki-30958166-abS906NKSS7FYG8 SMP preempt mod_unload modversions aarch64		36
spi-msm-geni.ko	318	101448	74b1274478dabb1ab253a051be62a2d5af0e30208fcfe58e02166cc2fac6f2af	74b1274478dabb1ab253a051be62a2d5af0e30208fcfe58e02166cc2fac6f2af	byte-identical	5.10.226-android12-9-gki-30958166-abS906NKSS7FYG8 SMP preempt mod_unload modversions aarch64		106
spmi-glink-debug.ko	319	19704	3512cdb6b7a6ce6f932be2821c31fd94a4b065ab9738cdd6371d193961f5fc9a	3512cdb6b7a6ce6f932be2821c31fd94a4b065ab9738cdd6371d193961f5fc9a	byte-identical	5.10.226-android12-9-gki-30958166-abS906NKSS7FYG8 SMP preempt mod_unload modversions aarch64		23
spmi-pmic-arb-debug.ko	320	24504	36fdc0c844baaf4083548b46efeb1d8b55df079225e5d9612cc35530fe1f219c	36fdc0c844baaf4083548b46efeb1d8b55df079225e5d9612cc35530fe1f219c	byte-identical	5.10.226-android12-9-gki-30958166-abS906NKSS7FYG8 SMP preempt mod_unload modversions aarch64		32
sps_drv.ko	321	493400	4325af0c04fdd2fac0eccc7b356b9ea68faf0b4f1ca02a7548f0b3993158b124	4325af0c04fdd2fac0eccc7b356b9ea68faf0b4f1ca02a7548f0b3993158b124	byte-identical	5.10.226-android12-9-gki-30958166-abS906NKSS7FYG8 SMP preempt mod_unload modversions aarch64		79
spss_utils.ko	322	66328	b3a6a57848c8a83a93da1d1e18643b063b0e6b4a820c9ee2120003942d259a08	b3a6a57848c8a83a93da1d1e18643b063b0e6b4a820c9ee2120003942d259a08	byte-identical	5.10.226-android12-9-gki-30958166-abS906NKSS7FYG8 SMP preempt mod_unload modversions aarch64		56
spu_verify.ko	323	18608	d670a944288dffcc5fbf67a76550dc8a746665113f6ee4354521e482489f4b84	d670a944288dffcc5fbf67a76550dc8a746665113f6ee4354521e482489f4b84	byte-identical	5.10.226-android12-9-gki-30958166-abS906NKSS7FYG8 SMP preempt mod_unload modversions aarch64		17
ssg.ko	324	50792	551174600bf266ac75c9127f9499597ac28e6255b414e20165f5681e2b9e6aeb	551174600bf266ac75c9127f9499597ac28e6255b414e20165f5681e2b9e6aeb	byte-identical	5.10.226-android12-9-gki-30958166-abS906NKSS7FYG8 SMP preempt mod_unload modversions aarch64		58
stm_console.ko	325	11720	280b95b229fd34fdeeacd0d0f62baa6554d31f81338bcf6b07bbfccdfd501994	280b95b229fd34fdeeacd0d0f62baa6554d31f81338bcf6b07bbfccdfd501994	byte-identical	5.10.226-android12-9-gki-30958166-abS906NKSS7FYG8 SMP preempt mod_unload modversions aarch64		6
stm_core.ko	326	69600	01007bc4e87c75735f3219e2433241251ef4c154ee579da7b95099118700b4c3	01007bc4e87c75735f3219e2433241251ef4c154ee579da7b95099118700b4c3	byte-identical	5.10.226-android12-9-gki-30958166-abS906NKSS7FYG8 SMP preempt mod_unload modversions aarch64		77
stm_ftrace.ko	327	12944	a9a289e8439822dddeb0e94b15939d70b111e7e5bffd33ce1679b3c1df78536d	a9a289e8439822dddeb0e94b15939d70b111e7e5bffd33ce1679b3c1df78536d	byte-identical	5.10.226-android12-9-gki-30958166-abS906NKSS7FYG8 SMP preempt mod_unload modversions aarch64		10
stm_p_basic.ko	328	11336	70eb7f90623190ea4097913dc95cc22f33b0104e8eece48ef8a6532b9a311ce6	70eb7f90623190ea4097913dc95cc22f33b0104e8eece48ef8a6532b9a311ce6	byte-identical	5.10.226-android12-9-gki-30958166-abS906NKSS7FYG8 SMP preempt mod_unload modversions aarch64		7
stm_p_ost.ko	329	11792	1d4b184b5c68df44d86942a2e01bb21b66691ec6a76696a8caf3b52146ba8a5e	1d4b184b5c68df44d86942a2e01bb21b66691ec6a76696a8caf3b52146ba8a5e	byte-identical	5.10.226-android12-9-gki-30958166-abS906NKSS7FYG8 SMP preempt mod_unload modversions aarch64		8
stm_ts_spi.ko	330	904936	8f211655a47c6779f68d03e3e01c3fb3b9390a9666ac32521c8d997fdce4fb88	8f211655a47c6779f68d03e3e01c3fb3b9390a9666ac32521c8d997fdce4fb88	byte-identical	5.10.226-android12-9-gki-30958166-abS906NKSS7FYG8 SMP preempt mod_unload modversions aarch64		162
stub_dlkm.ko	331	13192	1001ed6785a4d94a8bbd3fca6e0ab096f63ac9ea1493ccad705163cdd8b0a4e7		vendor-dlkm-only	5.10.226-android12-9-gki-30958166-abS906NKSS7FYG8 SMP preempt mod_unload modversions aarch64		5
subsystem_sleep_stats.ko	332	34896	0f93af6e1a0affce6a7bddd4220bfe34276f1a76e928849746625cc757fdffc7	0f93af6e1a0affce6a7bddd4220bfe34276f1a76e928849746625cc757fdffc7	byte-identical	5.10.226-android12-9-gki-30958166-abS906NKSS7FYG8 SMP preempt mod_unload modversions aarch64		37
switch_class.ko	333	19376	8ce55d9d5ce3f1032df60b117fb87b0553c333a3e789b9941bdee93c0fa27bf0	8ce55d9d5ce3f1032df60b117fb87b0553c333a3e789b9941bdee93c0fa27bf0	byte-identical	5.10.226-android12-9-gki-30958166-abS906NKSS7FYG8 SMP preempt mod_unload modversions aarch64		19
switch_gpio.ko	334	15296	d26437c88a7494274648d84587512419d0b30f7ec3baf2cd1aa8fa5a87f1baea	d26437c88a7494274648d84587512419d0b30f7ec3baf2cd1aa8fa5a87f1baea	byte-identical	5.10.226-android12-9-gki-30958166-abS906NKSS7FYG8 SMP preempt mod_unload modversions aarch64		20
swr_ctrl_dlkm.ko	335	131192	e1a0a2c5078f34c64d553ab973e96b95c5fd8ba6aaef16df95b2b4d990930341		vendor-dlkm-only	5.10.226-android12-9-gki-30958166-abS906NKSS7FYG8 SMP preempt mod_unload modversions aarch64		99
swr_dlkm.ko	336	56720	d43e3b9ae078e4deecf4cc0b876ebec869285a6dfce9c43ed1e68dc01a01a247		vendor-dlkm-only	5.10.226-android12-9-gki-30958166-abS906NKSS7FYG8 SMP preempt mod_unload modversions aarch64		40
swr_dmic_dlkm.ko	337	39088	e4edd3fb00d98478b1f06f7a23dd8eea04684c643f9389588247e3f89a4ba4c1		vendor-dlkm-only	5.10.226-android12-9-gki-30958166-abS906NKSS7FYG8 SMP preempt mod_unload modversions aarch64		41
swr_haptics_dlkm.ko	338	34576	06f8272591c69ae28a75b97bc5bd4e77a7b671e67981df74d45c2d817f2d3d5d		vendor-dlkm-only	5.10.226-android12-9-gki-30958166-abS906NKSS7FYG8 SMP preempt mod_unload modversions aarch64		34
synx-driver.ko	339	142664	efdab8b0d32f6fc413e00e9b46d4cc32f67f4433dc138e0f727cecaf84f7fab5	efdab8b0d32f6fc413e00e9b46d4cc32f67f4433dc138e0f727cecaf84f7fab5	byte-identical	5.10.226-android12-9-gki-30958166-abS906NKSS7FYG8 SMP preempt mod_unload modversions aarch64		72
sys_pm_vx.ko	340	41152	63f41e3571684885b0f3954e114e64a7c237844ef085a407a307f04feb0df1e3	63f41e3571684885b0f3954e114e64a7c237844ef085a407a307f04feb0df1e3	byte-identical	5.10.226-android12-9-gki-30958166-abS906NKSS7FYG8 SMP preempt mod_unload modversions aarch64		39
sysmon_subsystem_stats.ko	341	41056	e90e80824ce2e9b517c54590cc502ec095bd97ee8d5597990cc57b5682e4614d	e90e80824ce2e9b517c54590cc502ec095bd97ee8d5597990cc57b5682e4614d	byte-identical	5.10.226-android12-9-gki-30958166-abS906NKSS7FYG8 SMP preempt mod_unload modversions aarch64		17
tsl2510.ko	342	184056	3660399b9d43e5bbbd0c16571d1c03bd00a08fec4549d4a7113da8037fe97d96	3660399b9d43e5bbbd0c16571d1c03bd00a08fec4549d4a7113da8037fe97d96	byte-identical	5.10.226-android12-9-gki-30958166-abS906NKSS7FYG8 SMP preempt mod_unload modversions aarch64		80
tz_log.ko	343	55512	c968fcb7a636fd9f5d59271e477c0d7fe4c40dd10652b9ddd9e6e5b6d4f35951	c968fcb7a636fd9f5d59271e477c0d7fe4c40dd10652b9ddd9e6e5b6d4f35951	byte-identical	5.10.226-android12-9-gki-30958166-abS906NKSS7FYG8 SMP preempt mod_unload modversions aarch64		39
ucsi_glink.ko	344	35408	79b0dce2c3d6273538407980fcd56245f5f0e5b0bd78b6fd646df41762b10fdd	79b0dce2c3d6273538407980fcd56245f5f0e5b0bd78b6fd646df41762b10fdd	byte-identical	5.10.226-android12-9-gki-30958166-abS906NKSS7FYG8 SMP preempt mod_unload modversions aarch64		45
usb_bam.ko	345	86504	f8a697ec33e4a0e5cd25166f9ed16cdf57e0f79f1a7e70755b181302d1996bfc	f8a697ec33e4a0e5cd25166f9ed16cdf57e0f79f1a7e70755b181302d1996bfc	byte-identical	5.10.226-android12-9-gki-30958166-abS906NKSS7FYG8 SMP preempt mod_unload modversions aarch64		60
usb_f_ccid.ko	346	55256	b72bcc8ec32ab4c143fd071df18e1d05eb4a3a088b7203cdae5820c07252e338	b72bcc8ec32ab4c143fd071df18e1d05eb4a3a088b7203cdae5820c07252e338	byte-identical	5.10.226-android12-9-gki-30958166-abS906NKSS7FYG8 SMP preempt mod_unload modversions aarch64		54
usb_f_cdev.ko	347	75752	e9bde1fb2ca1b803faf7c6a3a477adf3888dcfe413dd97e94b6ba2d76c795815	e9bde1fb2ca1b803faf7c6a3a477adf3888dcfe413dd97e94b6ba2d76c795815	byte-identical	5.10.226-android12-9-gki-30958166-abS906NKSS7FYG8 SMP preempt mod_unload modversions aarch64		79
usb_f_conn_gadget.ko	348	70800	0d639771516b4e3c431b23eaa28dfbdf6b0a69a83b6d56ac33959232401e88d7	0d639771516b4e3c431b23eaa28dfbdf6b0a69a83b6d56ac33959232401e88d7	byte-identical	5.10.226-android12-9-gki-30958166-abS906NKSS7FYG8 SMP preempt mod_unload modversions aarch64		54
usb_f_diag.ko	349	47816	999767211a39e09afddaa76c4ea7867ca74f233840ba740566494bfda6b97e74	999767211a39e09afddaa76c4ea7867ca74f233840ba740566494bfda6b97e74	byte-identical	5.10.226-android12-9-gki-30958166-abS906NKSS7FYG8 SMP preempt mod_unload modversions aarch64		49
usb_f_gsi.ko	350	164696	8a993a70164695750c44327a14fd9cf99f58a602dfabc58034cec9af861dafb3	8a993a70164695750c44327a14fd9cf99f58a602dfabc58034cec9af861dafb3	byte-identical	5.10.226-android12-9-gki-30958166-abS906NKSS7FYG8 SMP preempt mod_unload modversions aarch64		121
usb_f_qdss.ko	351	58328	af020d9934ffb35e053298f2f5bafa725e09c49522db73a9a89520bb41e4b1b8	af020d9934ffb35e053298f2f5bafa725e09c49522db73a9a89520bb41e4b1b8	byte-identical	5.10.226-android12-9-gki-30958166-abS906NKSS7FYG8 SMP preempt mod_unload modversions aarch64		67
usb_f_ss_acm.ko	352	31152	1a3e6c3a271e5e2a206371eaf391ffdd7b7ea1f3b0475444388679d35ed1049d	1a3e6c3a271e5e2a206371eaf391ffdd7b7ea1f3b0475444388679d35ed1049d	byte-identical	5.10.226-android12-9-gki-30958166-abS906NKSS7FYG8 SMP preempt mod_unload modversions aarch64		34
usb_f_ss_mon_gadget.ko	353	45600	d7859c88093443bf626c20ef046faaac9077a490ff8d13d19be7ff70553d4e8f	d7859c88093443bf626c20ef046faaac9077a490ff8d13d19be7ff70553d4e8f	byte-identical	5.10.226-android12-9-gki-30958166-abS906NKSS7FYG8 SMP preempt mod_unload modversions aarch64		45
usb_notifier_qcom.ko	354	26344	73f937efc9302d5fa8c2758b5e71b80f52063141d72c063bfe73b1583c781ccb	73f937efc9302d5fa8c2758b5e71b80f52063141d72c063bfe73b1583c781ccb	byte-identical	5.10.226-android12-9-gki-30958166-abS906NKSS7FYG8 SMP preempt mod_unload modversions aarch64		30
usb_notify_layer.ko	355	294152	710d9cc6f523d615e459d22e2d9e3d1ff082514b7efcd6add0f437e890b3d294	710d9cc6f523d615e459d22e2d9e3d1ff082514b7efcd6add0f437e890b3d294	byte-identical	5.10.226-android12-9-gki-30958166-abS906NKSS7FYG8 SMP preempt mod_unload modversions aarch64	E7BE36D8EB6D855703BF37B	111
usb_typec_manager.ko	356	73528	4da0a4d056abfb09e111ffc4f74fe0adbddcf7be0bc172a48c36f55fd0ea52dc	4da0a4d056abfb09e111ffc4f74fe0adbddcf7be0bc172a48c36f55fd0ea52dc	byte-identical	5.10.226-android12-9-gki-30958166-abS906NKSS7FYG8 SMP preempt mod_unload modversions aarch64		49
uwb.ko	357	84816	9ecc58a09d811c90ad0b4df979c197a8ef4f3836f5b366e164fdd650f60b7c8c	9ecc58a09d811c90ad0b4df979c197a8ef4f3836f5b366e164fdd650f60b7c8c	byte-identical	5.10.226-android12-9-gki-30958166-abS906NKSS7FYG8 SMP preempt mod_unload modversions aarch64		69
vbus_notifier.ko	358	16232	aac1f8eb7b728fd1c87df1a737e9539387ce76d0919648f00d63755e7bdb7be2	aac1f8eb7b728fd1c87df1a737e9539387ce76d0919648f00d63755e7bdb7be2	byte-identical	5.10.226-android12-9-gki-30958166-abS906NKSS7FYG8 SMP preempt mod_unload modversions aarch64		8
vibrator_vib_info.ko	359	21816	bfa7133e9d7f8cd118884f0e875b43c7d267555aa7ab207381759d94963f7c3b	bfa7133e9d7f8cd118884f0e875b43c7d267555aa7ab207381759d94963f7c3b	byte-identical	5.10.226-android12-9-gki-30958166-abS906NKSS7FYG8 SMP preempt mod_unload modversions aarch64		19
videocc-diwali.ko	360	39072	ada4c06bb0db1db476981c4c3dfdfab4e48977a845a8d025ac6469e0941ce834	ada4c06bb0db1db476981c4c3dfdfab4e48977a845a8d025ac6469e0941ce834	byte-identical	5.10.226-android12-9-gki-30958166-abS906NKSS7FYG8 SMP preempt mod_unload modversions aarch64		22
videocc-waipio.ko	361	41264	60d094600c877a1e3698b9956ec81a1089a9b6a646e93ee64c3e3f7bb90de541	60d094600c877a1e3698b9956ec81a1089a9b6a646e93ee64c3e3f7bb90de541	byte-identical	5.10.226-android12-9-gki-30958166-abS906NKSS7FYG8 SMP preempt mod_unload modversions aarch64		26
wcd937x_dlkm.ko	362	190912	80989e0e59f9c0656838790a54690d351fa7740cc8b886ad531816a62229807a		vendor-dlkm-only	5.10.226-android12-9-gki-30958166-abS906NKSS7FYG8 SMP preempt mod_unload modversions aarch64		104
wcd937x_slave_dlkm.ko	363	15016	05d830057159ff89ceff22bf2db1837b5b918ddf861c966696d3af8cf7457b84		vendor-dlkm-only	5.10.226-android12-9-gki-30958166-abS906NKSS7FYG8 SMP preempt mod_unload modversions aarch64		11
wcd938x_dlkm.ko	364	247568	59c0651230481ff7cb49cc1f4e4cd84fd682d689b7faa6d8ce5b04c098d04119		vendor-dlkm-only	5.10.226-android12-9-gki-30958166-abS906NKSS7FYG8 SMP preempt mod_unload modversions aarch64		105
wcd938x_slave_dlkm.ko	365	28816	77f487156e7a9ab8e7b130bad4bb94f6601e2ad32ab789feec19b5630f1c058e		vendor-dlkm-only	5.10.226-android12-9-gki-30958166-abS906NKSS7FYG8 SMP preempt mod_unload modversions aarch64		31
wcd9xxx_dlkm.ko	366	59088	0abbcc496561be5435a25216590c1df053ac30b9c00f3cb76be41a8d192b8b38		vendor-dlkm-only	5.10.226-android12-9-gki-30958166-abS906NKSS7FYG8 SMP preempt mod_unload modversions aarch64		34
wcd_core_dlkm.ko	367	64136	a2f243b42502000793b899fcb7af56546e51f4b05410d6003d0edfea62e810b7		vendor-dlkm-only	5.10.226-android12-9-gki-30958166-abS906NKSS7FYG8 SMP preempt mod_unload modversions aarch64		60
wlan_firmware_service.ko	368	82408	a7c5e75eb9dfb5fdc2e9ac304889a06b171d7f178647f526c0e098c327c1925d	a7c5e75eb9dfb5fdc2e9ac304889a06b171d7f178647f526c0e098c327c1925d	byte-identical	5.10.226-android12-9-gki-30958166-abS906NKSS7FYG8 SMP preempt mod_unload modversions aarch64		4
wsa883x_dlkm.ko	369	100864	95808129f11b0bdd53f7ea91b687618de0fd44a73aa2fc0fe4684c827c50c0bc		vendor-dlkm-only	5.10.226-android12-9-gki-30958166-abS906NKSS7FYG8 SMP preempt mod_unload modversions aarch64		87
zram.ko	370	185680	41de6192e0891b3f34b71a0cedd3c90959d60e78f73c41b873c9ae13b2036fed	41de6192e0891b3f34b71a0cedd3c90959d60e78f73c41b873c9ae13b2036fed	byte-identical	5.10.226-android12-9-gki-30958166-abS906NKSS7FYG8 SMP preempt mod_unload modversions aarch64		162
zsmalloc.ko	371	82600	b326f09127b0230c5b0b807dd34672c818074ab2de58c52e9227642cadc9fbaa	b326f09127b0230c5b0b807dd34672c818074ab2de58c52e9227642cadc9fbaa	byte-identical	5.10.226-android12-9-gki-30958166-abS906NKSS7FYG8 SMP preempt mod_unload modversions aarch64		61
